Ticker,DividendDate,PayDate,Type,Value,Currency
.SPX,2017-03-08,2017-03-08,DISCRETE,0.691154,USD
.SPX,2017-03-09,2017-03-09,DISCRETE,0.107709384,USD
.SPX,2017-03-10,2017-03-10,DISCRETE,0.107707107,USD
.SPX,2017-03-13,2017-03-13,DISCRETE,0.323115417,USD
.SPX,2017-03-14,2017-03-14,DISCRETE,0.107698,USD
.SPX,2017-03-15,2017-03-15,DISCRETE,0.107695724,USD
.SPX,2017-03-16,2017-03-16,DISCRETE,0.107693457,USD
.SPX,2017-03-17,2017-03-17,DISCRETE,0.107691208,USD
.SPX,2017-03-20,2017-03-20,DISCRETE,0.32306831,USD
.SPX,2017-03-21,2017-03-21,DISCRETE,0.107682402,USD
.SPX,2017-03-22,2017-03-22,DISCRETE,0.107680248,USD
.SPX,2017-03-23,2017-03-23,DISCRETE,0.107678112,USD
.SPX,2017-03-24,2017-03-24,DISCRETE,0.107675995,USD
.SPX,2017-03-27,2017-03-27,DISCRETE,0.323023851,USD
.SPX,2017-03-28,2017-03-28,DISCRETE,0.107667714,USD
.SPX,2017-03-29,2017-03-29,DISCRETE,0.107665691,USD
.SPX,2017-03-30,2017-03-30,DISCRETE,0.107663687,USD
.SPX,2017-03-31,2017-03-31,DISCRETE,0.107661701,USD
.SPX,2017-04-03,2017-04-03,DISCRETE,0.32298215,USD
.SPX,2017-04-04,2017-04-04,DISCRETE,0.107653946,USD
.SPX,2017-04-05,2017-04-05,DISCRETE,0.107652054,USD
.SPX,2017-04-06,2017-04-06,DISCRETE,0.107650181,USD
.SPX,2017-04-07,2017-04-07,DISCRETE,0.107648327,USD
.SPX,2017-04-10,2017-04-10,DISCRETE,0.322943206,USD
.SPX,2017-04-11,2017-04-11,DISCRETE,0.107641097,USD
.SPX,2017-04-12,2017-04-12,DISCRETE,0.107639336,USD
.SPX,2017-04-13,2017-04-13,DISCRETE,0.107637594,USD
.SPX,2017-04-14,2017-04-14,DISCRETE,0.107635871,USD
.SPX,2017-04-17,2017-04-17,DISCRETE,0.322907018,USD
.SPX,2017-04-18,2017-04-18,DISCRETE,0.107629166,USD
.SPX,2017-04-19,2017-04-19,DISCRETE,0.107627536,USD
.SPX,2017-04-20,2017-04-20,DISCRETE,0.107625926,USD
.SPX,2017-04-21,2017-04-21,DISCRETE,0.107624334,USD
.SPX,2017-04-24,2017-04-24,DISCRETE,0.322873586,USD
.SPX,2017-04-25,2017-04-25,DISCRETE,0.107618153,USD
.SPX,2017-04-26,2017-04-26,DISCRETE,0.107616655,USD
.SPX,2017-04-27,2017-04-27,DISCRETE,0.107615176,USD
.SPX,2017-04-28,2017-04-28,DISCRETE,0.107613715,USD
.SPX,2017-05-01,2017-05-01,DISCRETE,0.322842908,USD
.SPX,2017-05-02,2017-05-02,DISCRETE,0.107608059,USD
.SPX,2017-05-03,2017-05-03,DISCRETE,0.107606692,USD
.SPX,2017-05-04,2017-05-04,DISCRETE,0.107605344,USD
.SPX,2017-05-05,2017-05-05,DISCRETE,0.107604014,USD
.SPX,2017-05-08,2017-05-08,DISCRETE,0.322814984,USD
.SPX,2017-05-09,2017-05-09,DISCRETE,0.107598883,USD
.SPX,2017-05-10,2017-05-10,DISCRETE,0.107597647,USD
.SPX,2017-05-11,2017-05-11,DISCRETE,0.107596429,USD
.SPX,2017-05-12,2017-05-12,DISCRETE,0.107595231,USD
.SPX,2017-05-15,2017-05-15,DISCRETE,0.322789813,USD
.SPX,2017-05-16,2017-05-16,DISCRETE,0.107590624,USD
.SPX,2017-05-17,2017-05-17,DISCRETE,0.107589519,USD
.SPX,2017-05-18,2017-05-18,DISCRETE,0.107588433,USD
.SPX,2017-05-19,2017-05-19,DISCRETE,0.107587365,USD
.SPX,2017-05-22,2017-05-22,DISCRETE,0.378788961,USD
.SPX,2017-05-23,2017-05-23,DISCRETE,0.127176283,USD
.SPX,2017-05-24,2017-05-24,DISCRETE,0.127635147,USD
.SPX,2017-05-25,2017-05-25,DISCRETE,0.128093993,USD
.SPX,2017-05-26,2017-05-26,DISCRETE,0.128552821,USD
.SPX,2017-05-30,2017-05-30,DISCRETE,0.518827907,USD
.SPX,2017-05-31,2017-05-31,DISCRETE,0.130846679,USD
.SPX,2017-06-01,2017-06-01,DISCRETE,0.131305395,USD
.SPX,2017-06-02,2017-06-02,DISCRETE,0.131764092,USD
.SPX,2017-06-05,2017-06-05,DISCRETE,0.398059408,USD
.SPX,2017-06-06,2017-06-06,DISCRETE,0.133598693,USD
.SPX,2017-06-07,2017-06-07,DISCRETE,0.134057296,USD
.SPX,2017-06-08,2017-06-08,DISCRETE,0.13451588,USD
.SPX,2017-06-09,2017-06-09,DISCRETE,0.134974446,USD
.SPX,2017-06-12,2017-06-12,DISCRETE,0.40769054,USD
.SPX,2017-06-13,2017-06-13,DISCRETE,0.136808518,USD
.SPX,2017-06-14,2017-06-14,DISCRETE,0.137266989,USD
.SPX,2017-06-15,2017-06-15,DISCRETE,0.13772544,USD
.SPX,2017-06-16,2017-06-16,DISCRETE,0.13818308,USD
.SPX,2017-06-19,2017-06-19,DISCRETE,0.351649793,USD
.SPX,2017-06-20,2017-06-20,DISCRETE,0.11732763,USD
.SPX,2017-06-21,2017-06-21,DISCRETE,0.117385168,USD
.SPX,2017-06-22,2017-06-22,DISCRETE,0.117442708,USD
.SPX,2017-06-23,2017-06-23,DISCRETE,0.117500249,USD
.SPX,2017-06-26,2017-06-26,DISCRETE,0.352858297,USD
.SPX,2017-06-27,2017-06-27,DISCRETE,0.117730427,USD
.SPX,2017-06-28,2017-06-28,DISCRETE,0.117787975,USD
.SPX,2017-06-29,2017-06-29,DISCRETE,0.117845524,USD
.SPX,2017-06-30,2017-06-30,DISCRETE,0.117903074,USD
.SPX,2017-07-03,2017-07-03,DISCRETE,0.354066994,USD
.SPX,2017-07-05,2017-07-05,DISCRETE,0.236328307,USD
.SPX,2017-07-06,2017-07-06,DISCRETE,0.118248405,USD
.SPX,2017-07-07,2017-07-07,DISCRETE,0.118305965,USD
.SPX,2017-07-10,2017-07-10,DISCRETE,0.355275891,USD
.SPX,2017-07-11,2017-07-11,DISCRETE,0.118536218,USD
.SPX,2017-07-12,2017-07-12,DISCRETE,0.118593785,USD
.SPX,2017-07-13,2017-07-13,DISCRETE,0.118651353,USD
.SPX,2017-07-14,2017-07-14,DISCRETE,0.118708922,USD
.SPX,2017-07-17,2017-07-17,DISCRETE,0.35648499,USD
.SPX,2017-07-18,2017-07-18,DISCRETE,0.118939214,USD
.SPX,2017-07-19,2017-07-19,DISCRETE,0.118996791,USD
.SPX,2017-07-20,2017-07-20,DISCRETE,0.119054369,USD
.SPX,2017-07-21,2017-07-21,DISCRETE,0.119111948,USD
.SPX,2017-07-24,2017-07-24,DISCRETE,0.357694296,USD
.SPX,2017-07-25,2017-07-25,DISCRETE,0.11934228,USD
.SPX,2017-07-26,2017-07-26,DISCRETE,0.119399866,USD
.SPX,2017-07-27,2017-07-27,DISCRETE,0.119457454,USD
.SPX,2017-07-28,2017-07-28,DISCRETE,0.119515044,USD
.SPX,2017-07-31,2017-07-31,DISCRETE,0.358903815,USD
.SPX,2017-08-01,2017-08-01,DISCRETE,0.119745416,USD
.SPX,2017-08-02,2017-08-02,DISCRETE,0.119803013,USD
.SPX,2017-08-03,2017-08-03,DISCRETE,0.119860611,USD
.SPX,2017-08-04,2017-08-04,DISCRETE,0.119918211,USD
.SPX,2017-08-07,2017-08-07,DISCRETE,0.360113551,USD
.SPX,2017-08-08,2017-08-08,DISCRETE,0.120148625,USD
.SPX,2017-08-09,2017-08-09,DISCRETE,0.120206232,USD
.SPX,2017-08-10,2017-08-10,DISCRETE,0.120263841,USD
.SPX,2017-08-11,2017-08-11,DISCRETE,0.120321451,USD
.SPX,2017-08-14,2017-08-14,DISCRETE,0.361323508,USD
.SPX,2017-08-15,2017-08-15,DISCRETE,0.120551908,USD
.SPX,2017-08-16,2017-08-16,DISCRETE,0.120609526,USD
.SPX,2017-08-17,2017-08-17,DISCRETE,0.120667145,USD
.SPX,2017-08-18,2017-08-18,DISCRETE,0.120724766,USD
.SPX,2017-08-21,2017-08-21,DISCRETE,0.36253369,USD
.SPX,2017-08-22,2017-08-22,DISCRETE,0.120955266,USD
.SPX,2017-08-23,2017-08-23,DISCRETE,0.121012895,USD
.SPX,2017-08-24,2017-08-24,DISCRETE,0.121070525,USD
.SPX,2017-08-25,2017-08-25,DISCRETE,0.121128157,USD
.SPX,2017-08-28,2017-08-28,DISCRETE,0.363744104,USD
.SPX,2017-08-29,2017-08-29,DISCRETE,0.121358701,USD
.SPX,2017-08-30,2017-08-30,DISCRETE,0.121416341,USD
.SPX,2017-08-31,2017-08-31,DISCRETE,0.121473983,USD
.SPX,2017-09-01,2017-09-01,DISCRETE,0.121531626,USD
.SPX,2017-09-05,2017-09-05,DISCRETE,0.486730995,USD
.SPX,2017-09-06,2017-09-06,DISCRETE,0.121819866,USD
.SPX,2017-09-07,2017-09-07,DISCRETE,0.121877519,USD
.SPX,2017-09-08,2017-09-08,DISCRETE,0.121935174,USD
.SPX,2017-09-11,2017-09-11,DISCRETE,0.36616564,USD
.SPX,2017-09-12,2017-09-12,DISCRETE,0.122165808,USD
.SPX,2017-09-13,2017-09-13,DISCRETE,0.122223471,USD
.SPX,2017-09-14,2017-09-14,DISCRETE,0.122281136,USD
.SPX,2017-09-15,2017-09-15,DISCRETE,0.122338802,USD
.SPX,2017-09-18,2017-09-18,DISCRETE,0.361975013,USD
.SPX,2017-09-19,2017-09-19,DISCRETE,0.120733184,USD
.SPX,2017-09-20,2017-09-20,DISCRETE,0.120772969,USD
.SPX,2017-09-21,2017-09-21,DISCRETE,0.120812757,USD
.SPX,2017-09-22,2017-09-22,DISCRETE,0.120852502,USD
.SPX,2017-09-25,2017-09-25,DISCRETE,0.362810159,USD
.SPX,2017-09-26,2017-09-26,DISCRETE,0.121011507,USD
.SPX,2017-09-27,2017-09-27,DISCRETE,0.121051264,USD
.SPX,2017-09-28,2017-09-28,DISCRETE,0.121091024,USD
.SPX,2017-09-29,2017-09-29,DISCRETE,0.121130787,USD
.SPX,2017-10-02,2017-10-02,DISCRETE,0.363645274,USD
.SPX,2017-10-03,2017-10-03,DISCRETE,0.121289864,USD
.SPX,2017-10-04,2017-10-04,DISCRETE,0.12132964,USD
.SPX,2017-10-05,2017-10-05,DISCRETE,0.121369418,USD
.SPX,2017-10-06,2017-10-06,DISCRETE,0.121409199,USD
.SPX,2017-10-10,2017-10-10,DISCRETE,0.486063605,USD
.SPX,2017-10-11,2017-10-11,DISCRETE,0.121608143,USD
.SPX,2017-10-12,2017-10-12,DISCRETE,0.121647939,USD
.SPX,2017-10-13,2017-10-13,DISCRETE,0.121687739,USD
.SPX,2017-10-16,2017-10-16,DISCRETE,0.365316651,USD
.SPX,2017-10-17,2017-10-17,DISCRETE,0.121846962,USD
.SPX,2017-10-18,2017-10-18,DISCRETE,0.121886774,USD
.SPX,2017-10-19,2017-10-19,DISCRETE,0.12192659,USD
.SPX,2017-10-20,2017-10-20,DISCRETE,0.121966407,USD
.SPX,2017-10-23,2017-10-23,DISCRETE,0.366152921,USD
.SPX,2017-10-24,2017-10-24,DISCRETE,0.122125705,USD
.SPX,2017-10-25,2017-10-25,DISCRETE,0.122165536,USD
.SPX,2017-10-26,2017-10-26,DISCRETE,0.12220537,USD
.SPX,2017-10-27,2017-10-27,DISCRETE,0.122245206,USD
.SPX,2017-10-30,2017-10-30,DISCRETE,0.366989583,USD
.SPX,2017-10-31,2017-10-31,DISCRETE,0.122404579,USD
.SPX,2017-11-01,2017-11-01,DISCRETE,0.122444429,USD
.SPX,2017-11-02,2017-11-02,DISCRETE,0.122484282,USD
.SPX,2017-11-03,2017-11-03,DISCRETE,0.122524137,USD
.SPX,2017-11-06,2017-11-06,DISCRETE,0.367826642,USD
.SPX,2017-11-07,2017-11-07,DISCRETE,0.122683585,USD
.SPX,2017-11-08,2017-11-08,DISCRETE,0.122723454,USD
.SPX,2017-11-09,2017-11-09,DISCRETE,0.122763326,USD
.SPX,2017-11-10,2017-11-10,DISCRETE,0.1228032,USD
.SPX,2017-11-13,2017-11-13,DISCRETE,0.3686641,USD
.SPX,2017-11-14,2017-11-14,DISCRETE,0.122962725,USD
.SPX,2017-11-15,2017-11-15,DISCRETE,0.123002613,USD
.SPX,2017-11-16,2017-11-16,DISCRETE,0.123042504,USD
.SPX,2017-11-17,2017-11-17,DISCRETE,0.123082397,USD
.SPX,2017-11-20,2017-11-20,DISCRETE,0.369501961,USD
.SPX,2017-11-21,2017-11-21,DISCRETE,0.123241999,USD
.SPX,2017-11-22,2017-11-22,DISCRETE,0.123281906,USD
.SPX,2017-11-24,2017-11-24,DISCRETE,0.246688705,USD
.SPX,2017-11-27,2017-11-27,DISCRETE,0.370340229,USD
.SPX,2017-11-28,2017-11-28,DISCRETE,0.123521409,USD
.SPX,2017-11-29,2017-11-29,DISCRETE,0.123561336,USD
.SPX,2017-11-30,2017-11-30,DISCRETE,0.123601265,USD
.SPX,2017-12-01,2017-12-01,DISCRETE,0.123641198,USD
.SPX,2017-12-04,2017-12-04,DISCRETE,0.371178908,USD
.SPX,2017-12-05,2017-12-05,DISCRETE,0.123800956,USD
.SPX,2017-12-06,2017-12-06,DISCRETE,0.123840902,USD
.SPX,2017-12-07,2017-12-07,DISCRETE,0.123880851,USD
.SPX,2017-12-08,2017-12-08,DISCRETE,0.123920804,USD
.SPX,2017-12-11,2017-12-11,DISCRETE,0.372018,USD
.SPX,2017-12-12,2017-12-12,DISCRETE,0.124080641,USD
.SPX,2017-12-13,2017-12-13,DISCRETE,0.124120607,USD
.SPX,2017-12-14,2017-12-14,DISCRETE,0.124160576,USD
.SPX,2017-12-15,2017-12-15,DISCRETE,0.124200548,USD
.SPX,2017-12-18,2017-12-18,DISCRETE,0.230961459,USD
.SPX,2017-12-19,2017-12-19,DISCRETE,0.076417584,USD
.SPX,2017-12-20,2017-12-20,DISCRETE,0.076134467,USD
.SPX,2017-12-21,2017-12-21,DISCRETE,0.075851369,USD
.SPX,2017-12-22,2017-12-22,DISCRETE,0.075568278,USD
.SPX,2017-12-26,2017-12-26,DISCRETE,0.299461898,USD
.SPX,2017-12-27,2017-12-27,DISCRETE,0.074152908,USD
.SPX,2017-12-28,2017-12-28,DISCRETE,0.073869851,USD
.SPX,2017-12-29,2017-12-29,DISCRETE,0.073586799,USD
.SPX,2018-01-02,2018-01-02,DISCRETE,0.291535988,USD
.SPX,2018-01-03,2018-01-03,DISCRETE,0.072171612,USD
.SPX,2018-01-04,2018-01-04,DISCRETE,0.071888588,USD
.SPX,2018-01-05,2018-01-05,DISCRETE,0.071605569,USD
.SPX,2018-01-08,2018-01-08,DISCRETE,0.213128054,USD
.SPX,2018-01-09,2018-01-09,DISCRETE,0.070473531,USD
.SPX,2018-01-10,2018-01-10,DISCRETE,0.070190531,USD
.SPX,2018-01-11,2018-01-11,DISCRETE,0.069907534,USD
.SPX,2018-01-12,2018-01-12,DISCRETE,0.06962454,USD
.SPX,2018-01-16,2018-01-16,DISCRETE,0.275686732,USD
.SPX,2018-01-17,2018-01-17,DISCRETE,0.068209615,USD
.SPX,2018-01-18,2018-01-18,DISCRETE,0.067926638,USD
.SPX,2018-01-19,2018-01-19,DISCRETE,0.067643663,USD
.SPX,2018-01-22,2018-01-22,DISCRETE,0.39227314,USD
.SPX,2018-01-23,2018-01-23,DISCRETE,0.130962359,USD
.SPX,2018-01-24,2018-01-24,DISCRETE,0.131067604,USD
.SPX,2018-01-25,2018-01-25,DISCRETE,0.131172847,USD
.SPX,2018-01-26,2018-01-26,DISCRETE,0.131278088,USD
.SPX,2018-01-29,2018-01-29,DISCRETE,0.394483475,USD
.SPX,2018-01-30,2018-01-30,DISCRETE,0.131699035,USD
.SPX,2018-01-31,2018-01-31,DISCRETE,0.131804268,USD
.SPX,2018-02-01,2018-02-01,DISCRETE,0.131909498,USD
.SPX,2018-02-02,2018-02-02,DISCRETE,0.132014727,USD
.SPX,2018-02-05,2018-02-05,DISCRETE,0.396693548,USD
.SPX,2018-02-06,2018-02-06,DISCRETE,0.132435624,USD
.SPX,2018-02-07,2018-02-07,DISCRETE,0.132540844,USD
.SPX,2018-02-08,2018-02-08,DISCRETE,0.132646062,USD
.SPX,2018-02-09,2018-02-09,DISCRETE,0.132751278,USD
.SPX,2018-02-12,2018-02-12,DISCRETE,0.398903359,USD
.SPX,2018-02-13,2018-02-13,DISCRETE,0.133172125,USD
.SPX,2018-02-14,2018-02-14,DISCRETE,0.133277332,USD
.SPX,2018-02-15,2018-02-15,DISCRETE,0.133382538,USD
.SPX,2018-02-16,2018-02-16,DISCRETE,0.133487742,USD
.SPX,2018-02-20,2018-02-20,DISCRETE,0.535039965,USD
.SPX,2018-02-21,2018-02-21,DISCRETE,0.134013734,USD
.SPX,2018-02-22,2018-02-22,DISCRETE,0.134118927,USD
.SPX,2018-02-23,2018-02-23,DISCRETE,0.134224118,USD
.SPX,2018-02-26,2018-02-26,DISCRETE,0.403322202,USD
.SPX,2018-02-27,2018-02-27,DISCRETE,0.134644866,USD
.SPX,2018-02-28,2018-02-28,DISCRETE,0.134750048,USD
.SPX,2018-03-01,2018-03-01,DISCRETE,0.134855229,USD
.SPX,2018-03-02,2018-03-02,DISCRETE,0.134960408,USD
.SPX,2018-03-05,2018-03-05,DISCRETE,0.405531235,USD
.SPX,2018-03-06,2018-03-06,DISCRETE,0.135381106,USD
.SPX,2018-03-07,2018-03-07,DISCRETE,0.135486277,USD
.SPX,2018-03-08,2018-03-08,DISCRETE,0.135591445,USD
.SPX,2018-03-09,2018-03-09,DISCRETE,0.135696612,USD
.SPX,2018-03-12,2018-03-12,DISCRETE,0.407740011,USD
.SPX,2018-03-13,2018-03-13,DISCRETE,0.136117261,USD
.SPX,2018-03-14,2018-03-14,DISCRETE,0.136222418,USD
.SPX,2018-03-15,2018-03-15,DISCRETE,0.136327575,USD
.SPX,2018-03-16,2018-03-16,DISCRETE,0.136432729,USD
.SPX,2018-03-19,2018-03-19,DISCRETE,0.40994853,USD
.SPX,2018-03-20,2018-03-20,DISCRETE,0.136853329,USD
.SPX,2018-03-21,2018-03-21,DISCRETE,0.136958386,USD
.SPX,2018-03-22,2018-03-22,DISCRETE,0.137063441,USD
.SPX,2018-03-23,2018-03-23,DISCRETE,0.137168494,USD
.SPX,2018-03-26,2018-03-26,DISCRETE,0.412155176,USD
.SPX,2018-03-27,2018-03-27,DISCRETE,0.13758868,USD
.SPX,2018-03-28,2018-03-28,DISCRETE,0.137693721,USD
.SPX,2018-03-29,2018-03-29,DISCRETE,0.137798759,USD
.SPX,2018-03-30,2018-03-30,DISCRETE,0.137903795,USD
.SPX,2018-04-02,2018-04-02,DISCRETE,0.414361212,USD
.SPX,2018-04-03,2018-04-03,DISCRETE,0.138323915,USD
.SPX,2018-04-04,2018-04-04,DISCRETE,0.138428939,USD
.SPX,2018-04-05,2018-04-05,DISCRETE,0.138533961,USD
.SPX,2018-04-06,2018-04-06,DISCRETE,0.13863898,USD
.SPX,2018-04-09,2018-04-09,DISCRETE,0.416566903,USD
.SPX,2018-04-10,2018-04-10,DISCRETE,0.139059035,USD
.SPX,2018-04-11,2018-04-11,DISCRETE,0.139164042,USD
.SPX,2018-04-12,2018-04-12,DISCRETE,0.139269047,USD
.SPX,2018-04-13,2018-04-13,DISCRETE,0.13937405,USD
.SPX,2018-04-16,2018-04-16,DISCRETE,0.418772248,USD
.SPX,2018-04-17,2018-04-17,DISCRETE,0.139794038,USD
.SPX,2018-04-18,2018-04-18,DISCRETE,0.139899029,USD
.SPX,2018-04-19,2018-04-19,DISCRETE,0.140004018,USD
.SPX,2018-04-20,2018-04-20,DISCRETE,0.140109005,USD
.SPX,2018-04-23,2018-04-23,DISCRETE,0.420977247,USD
.SPX,2018-04-24,2018-04-24,DISCRETE,0.140528926,USD
.SPX,2018-04-25,2018-04-25,DISCRETE,0.140633901,USD
.SPX,2018-04-26,2018-04-26,DISCRETE,0.140738873,USD
.SPX,2018-04-27,2018-04-27,DISCRETE,0.140843843,USD
.SPX,2018-04-30,2018-04-30,DISCRETE,0.4231819,USD
.SPX,2018-05-01,2018-05-01,DISCRETE,0.141263698,USD
.SPX,2018-05-02,2018-05-02,DISCRETE,0.141368656,USD
.SPX,2018-05-03,2018-05-03,DISCRETE,0.141473612,USD
.SPX,2018-05-04,2018-05-04,DISCRETE,0.141578565,USD
.SPX,2018-05-07,2018-05-07,DISCRETE,0.425386207,USD
.SPX,2018-05-08,2018-05-08,DISCRETE,0.141998355,USD
.SPX,2018-05-09,2018-05-09,DISCRETE,0.142103296,USD
.SPX,2018-05-10,2018-05-10,DISCRETE,0.142208235,USD
.SPX,2018-05-11,2018-05-11,DISCRETE,0.142313172,USD
.SPX,2018-05-14,2018-05-14,DISCRETE,0.427590167,USD
.SPX,2018-05-15,2018-05-15,DISCRETE,0.142732895,USD
.SPX,2018-05-16,2018-05-16,DISCRETE,0.14283782,USD
.SPX,2018-05-17,2018-05-17,DISCRETE,0.142942742,USD
.SPX,2018-05-18,2018-05-18,DISCRETE,0.143047662,USD
.SPX,2018-05-21,2018-05-21,DISCRETE,0.42979378,USD
.SPX,2018-05-22,2018-05-22,DISCRETE,0.143467319,USD
.SPX,2018-05-23,2018-05-23,DISCRETE,0.143572227,USD
.SPX,2018-05-24,2018-05-24,DISCRETE,0.143677133,USD
.SPX,2018-05-25,2018-05-25,DISCRETE,0.143782036,USD
.SPX,2018-05-29,2018-05-29,DISCRETE,0.576220248,USD
.SPX,2018-05-30,2018-05-30,DISCRETE,0.144306518,USD
.SPX,2018-05-31,2018-05-31,DISCRETE,0.144411408,USD
.SPX,2018-06-01,2018-06-01,DISCRETE,0.144516295,USD
.SPX,2018-06-04,2018-06-04,DISCRETE,0.434199965,USD
.SPX,2018-06-05,2018-06-05,DISCRETE,0.144935819,USD
.SPX,2018-06-06,2018-06-06,DISCRETE,0.145040694,USD
.SPX,2018-06-07,2018-06-07,DISCRETE,0.145145566,USD
.SPX,2018-06-08,2018-06-08,DISCRETE,0.145250437,USD
.SPX,2018-06-11,2018-06-11,DISCRETE,0.436402536,USD
.SPX,2018-06-12,2018-06-12,DISCRETE,0.145669894,USD
.SPX,2018-06-13,2018-06-13,DISCRETE,0.145774753,USD
.SPX,2018-06-14,2018-06-14,DISCRETE,0.145879609,USD
.SPX,2018-06-15,2018-06-15,DISCRETE,0.145984462,USD
.SPX,2018-06-18,2018-06-18,DISCRETE,0.373623904,USD
.SPX,2018-06-19,2018-06-19,DISCRETE,0.124564238,USD
.SPX,2018-06-20,2018-06-20,DISCRETE,0.124578877,USD
.SPX,2018-06-21,2018-06-21,DISCRETE,0.124593522,USD
.SPX,2018-06-22,2018-06-22,DISCRETE,0.124608122,USD
.SPX,2018-06-25,2018-06-25,DISCRETE,0.373930985,USD
.SPX,2018-06-26,2018-06-26,DISCRETE,0.124666571,USD
.SPX,2018-06-27,2018-06-27,DISCRETE,0.124681194,USD
.SPX,2018-06-28,2018-06-28,DISCRETE,0.124695821,USD
.SPX,2018-06-29,2018-06-29,DISCRETE,0.124710454,USD
.SPX,2018-07-02,2018-07-02,DISCRETE,0.374238293,USD
.SPX,2018-07-03,2018-07-03,DISCRETE,0.124769027,USD
.SPX,2018-07-05,2018-07-05,DISCRETE,0.249588407,USD
.SPX,2018-07-06,2018-07-06,DISCRETE,0.124813004,USD
.SPX,2018-07-09,2018-07-09,DISCRETE,0.374546259,USD
.SPX,2018-07-10,2018-07-10,DISCRETE,0.124871703,USD
.SPX,2018-07-11,2018-07-11,DISCRETE,0.124886388,USD
.SPX,2018-07-12,2018-07-12,DISCRETE,0.124901079,USD
.SPX,2018-07-13,2018-07-13,DISCRETE,0.124915774,USD
.SPX,2018-07-16,2018-07-16,DISCRETE,0.374854884,USD
.SPX,2018-07-17,2018-07-17,DISCRETE,0.124974598,USD
.SPX,2018-07-18,2018-07-18,DISCRETE,0.124989316,USD
.SPX,2018-07-19,2018-07-19,DISCRETE,0.125004037,USD
.SPX,2018-07-20,2018-07-20,DISCRETE,0.125018764,USD
.SPX,2018-07-23,2018-07-23,DISCRETE,0.375164171,USD
.SPX,2018-07-24,2018-07-24,DISCRETE,0.125077714,USD
.SPX,2018-07-25,2018-07-25,DISCRETE,0.125092463,USD
.SPX,2018-07-26,2018-07-26,DISCRETE,0.125107217,USD
.SPX,2018-07-27,2018-07-27,DISCRETE,0.125121975,USD
.SPX,2018-07-30,2018-07-30,DISCRETE,0.375474121,USD
.SPX,2018-07-31,2018-07-31,DISCRETE,0.125181052,USD
.SPX,2018-08-01,2018-08-01,DISCRETE,0.125195832,USD
.SPX,2018-08-02,2018-08-02,DISCRETE,0.125210617,USD
.SPX,2018-08-03,2018-08-03,DISCRETE,0.125225407,USD
.SPX,2018-08-06,2018-08-06,DISCRETE,0.375784735,USD
.SPX,2018-08-07,2018-08-07,DISCRETE,0.12528461,USD
.SPX,2018-08-08,2018-08-08,DISCRETE,0.125299423,USD
.SPX,2018-08-09,2018-08-09,DISCRETE,0.125314239,USD
.SPX,2018-08-10,2018-08-10,DISCRETE,0.125329061,USD
.SPX,2018-08-13,2018-08-13,DISCRETE,0.376096016,USD
.SPX,2018-08-14,2018-08-14,DISCRETE,0.125388391,USD
.SPX,2018-08-15,2018-08-15,DISCRETE,0.125403235,USD
.SPX,2018-08-16,2018-08-16,DISCRETE,0.125418084,USD
.SPX,2018-08-17,2018-08-17,DISCRETE,0.125432937,USD
.SPX,2018-08-20,2018-08-20,DISCRETE,0.376407964,USD
.SPX,2018-08-21,2018-08-21,DISCRETE,0.125492395,USD
.SPX,2018-08-22,2018-08-22,DISCRETE,0.125507271,USD
.SPX,2018-08-23,2018-08-23,DISCRETE,0.125522152,USD
.SPX,2018-08-24,2018-08-24,DISCRETE,0.125537037,USD
.SPX,2018-08-27,2018-08-27,DISCRETE,0.376720583,USD
.SPX,2018-08-28,2018-08-28,DISCRETE,0.125596622,USD
.SPX,2018-08-29,2018-08-29,DISCRETE,0.12561153,USD
.SPX,2018-08-30,2018-08-30,DISCRETE,0.125626442,USD
.SPX,2018-08-31,2018-08-31,DISCRETE,0.125641359,USD
.SPX,2018-09-04,2018-09-04,DISCRETE,0.502755215,USD
.SPX,2018-09-05,2018-09-05,DISCRETE,0.125716013,USD
.SPX,2018-09-06,2018-09-06,DISCRETE,0.125730957,USD
.SPX,2018-09-07,2018-09-07,DISCRETE,0.125745906,USD
.SPX,2018-09-10,2018-09-10,DISCRETE,0.377347834,USD
.SPX,2018-09-11,2018-09-11,DISCRETE,0.125805748,USD
.SPX,2018-09-12,2018-09-12,DISCRETE,0.12582072,USD
.SPX,2018-09-13,2018-09-13,DISCRETE,0.125835697,USD
.SPX,2018-09-14,2018-09-14,DISCRETE,0.125850678,USD
.SPX,2018-09-17,2018-09-17,DISCRETE,0.377662471,USD
.SPX,2018-09-18,2018-09-18,DISCRETE,0.125910649,USD
.SPX,2018-09-19,2018-09-19,DISCRETE,0.125925653,USD
.SPX,2018-09-20,2018-09-20,DISCRETE,0.125940661,USD
.SPX,2018-09-21,2018-09-21,DISCRETE,0.125955597,USD
.SPX,2018-09-24,2018-09-24,DISCRETE,0.377976844,USD
.SPX,2018-09-25,2018-09-25,DISCRETE,0.126015382,USD
.SPX,2018-09-26,2018-09-26,DISCRETE,0.126030339,USD
.SPX,2018-09-27,2018-09-27,DISCRETE,0.1260453,USD
.SPX,2018-09-28,2018-09-28,DISCRETE,0.126060266,USD
.SPX,2018-10-01,2018-10-01,DISCRETE,0.378291156,USD
.SPX,2018-10-02,2018-10-02,DISCRETE,0.126120172,USD
.SPX,2018-10-03,2018-10-03,DISCRETE,0.126135159,USD
.SPX,2018-10-04,2018-10-04,DISCRETE,0.12615015,USD
.SPX,2018-10-05,2018-10-05,DISCRETE,0.126165146,USD
.SPX,2018-10-09,2018-10-09,DISCRETE,0.504851944,USD
.SPX,2018-10-10,2018-10-10,DISCRETE,0.126240191,USD
.SPX,2018-10-11,2018-10-11,DISCRETE,0.126255213,USD
.SPX,2018-10-12,2018-10-12,DISCRETE,0.126270239,USD
.SPX,2018-10-15,2018-10-15,DISCRETE,0.378921687,USD
.SPX,2018-10-16,2018-10-16,DISCRETE,0.126330387,USD
.SPX,2018-10-17,2018-10-17,DISCRETE,0.126345435,USD
.SPX,2018-10-18,2018-10-18,DISCRETE,0.126360487,USD
.SPX,2018-10-19,2018-10-19,DISCRETE,0.126375544,USD
.SPX,2018-10-22,2018-10-22,DISCRETE,0.379237909,USD
.SPX,2018-10-23,2018-10-23,DISCRETE,0.126435814,USD
.SPX,2018-10-24,2018-10-24,DISCRETE,0.126450893,USD
.SPX,2018-10-25,2018-10-25,DISCRETE,0.126465975,USD
.SPX,2018-10-26,2018-10-26,DISCRETE,0.126481063,USD
.SPX,2018-10-29,2018-10-29,DISCRETE,0.379554772,USD
.SPX,2018-10-30,2018-10-30,DISCRETE,0.126541455,USD
.SPX,2018-10-31,2018-10-31,DISCRETE,0.126556564,USD
.SPX,2018-11-01,2018-11-01,DISCRETE,0.126571677,USD
.SPX,2018-11-02,2018-11-02,DISCRETE,0.126586795,USD
.SPX,2018-11-05,2018-11-05,DISCRETE,0.379872276,USD
.SPX,2018-11-06,2018-11-06,DISCRETE,0.126647309,USD
.SPX,2018-11-07,2018-11-07,DISCRETE,0.126662449,USD
.SPX,2018-11-08,2018-11-08,DISCRETE,0.126677593,USD
.SPX,2018-11-09,2018-11-09,DISCRETE,0.126692741,USD
.SPX,2018-11-13,2018-11-13,DISCRETE,0.506965093,USD
.SPX,2018-11-14,2018-11-14,DISCRETE,0.126768549,USD
.SPX,2018-11-15,2018-11-15,DISCRETE,0.126783723,USD
.SPX,2018-11-16,2018-11-16,DISCRETE,0.126798902,USD
.SPX,2018-11-19,2018-11-19,DISCRETE,0.380509217,USD
.SPX,2018-11-20,2018-11-20,DISCRETE,0.126859662,USD
.SPX,2018-11-21,2018-11-21,DISCRETE,0.126874863,USD
.SPX,2018-11-23,2018-11-23,DISCRETE,0.253802504,USD
.SPX,2018-11-26,2018-11-26,DISCRETE,0.380828657,USD
.SPX,2018-11-27,2018-11-27,DISCRETE,0.126966162,USD
.SPX,2018-11-28,2018-11-28,DISCRETE,0.126981394,USD
.SPX,2018-11-29,2018-11-29,DISCRETE,0.12699663,USD
.SPX,2018-11-30,2018-11-30,DISCRETE,0.127011871,USD
.SPX,2018-12-03,2018-12-03,DISCRETE,0.381148744,USD
.SPX,2018-12-04,2018-12-04,DISCRETE,0.127072878,USD
.SPX,2018-12-05,2018-12-05,DISCRETE,0.127088141,USD
.SPX,2018-12-06,2018-12-06,DISCRETE,0.127103408,USD
.SPX,2018-12-07,2018-12-07,DISCRETE,0.12711868,USD
.SPX,2018-12-10,2018-12-10,DISCRETE,0.381469482,USD
.SPX,2018-12-11,2018-12-11,DISCRETE,0.127179811,USD
.SPX,2018-12-12,2018-12-12,DISCRETE,0.127195104,USD
.SPX,2018-12-13,2018-12-13,DISCRETE,0.127210403,USD
.SPX,2018-12-14,2018-12-14,DISCRETE,0.127225705,USD
.SPX,2018-12-17,2018-12-17,DISCRETE,0.38179087,USD
.SPX,2018-12-18,2018-12-18,DISCRETE,0.12728696,USD
.SPX,2018-12-19,2018-12-19,DISCRETE,0.127302285,USD
.SPX,2018-12-20,2018-12-20,DISCRETE,0.127317586,USD
.SPX,2018-12-21,2018-12-21,DISCRETE,0.127332891,USD
.SPX,2018-12-24,2018-12-24,DISCRETE,0.387537642,USD
.SPX,2018-12-26,2018-12-26,DISCRETE,0.258454493,USD
.SPX,2018-12-27,2018-12-27,DISCRETE,0.129254583,USD
.SPX,2018-12-28,2018-12-28,DISCRETE,0.12927529,USD
.SPX,2018-12-31,2018-12-31,DISCRETE,0.38797253,USD
.SPX,2019-01-02,2019-01-02,DISCRETE,0.258744519,USD
.SPX,2019-01-03,2019-01-03,DISCRETE,0.129399618,USD
.SPX,2019-01-04,2019-01-04,DISCRETE,0.129420353,USD
.SPX,2019-01-07,2019-01-07,DISCRETE,0.388408027,USD
.SPX,2019-01-08,2019-01-08,DISCRETE,0.129503338,USD
.SPX,2019-01-09,2019-01-09,DISCRETE,0.129524095,USD
.SPX,2019-01-10,2019-01-10,DISCRETE,0.129544855,USD
.SPX,2019-01-11,2019-01-11,DISCRETE,0.12956562,USD
.SPX,2019-01-14,2019-01-14,DISCRETE,0.388844135,USD
.SPX,2019-01-15,2019-01-15,DISCRETE,0.129648721,USD
.SPX,2019-01-16,2019-01-16,DISCRETE,0.129669507,USD
.SPX,2019-01-17,2019-01-17,DISCRETE,0.129690297,USD
.SPX,2019-01-18,2019-01-18,DISCRETE,0.129711091,USD
.SPX,2019-01-22,2019-01-22,DISCRETE,0.519097967,USD
.SPX,2019-01-23,2019-01-23,DISCRETE,0.129815124,USD
.SPX,2019-01-24,2019-01-24,DISCRETE,0.129835944,USD
.SPX,2019-01-25,2019-01-25,DISCRETE,0.129856767,USD
.SPX,2019-01-28,2019-01-28,DISCRETE,0.389718194,USD
.SPX,2019-01-29,2019-01-29,DISCRETE,0.129940103,USD
.SPX,2019-01-30,2019-01-30,DISCRETE,0.129960947,USD
.SPX,2019-01-31,2019-01-31,DISCRETE,0.129981796,USD
.SPX,2019-02-01,2019-02-01,DISCRETE,0.130002648,USD
.SPX,2019-02-04,2019-02-04,DISCRETE,0.390156148,USD
.SPX,2019-02-05,2019-02-05,DISCRETE,0.130086102,USD
.SPX,2019-02-06,2019-02-06,DISCRETE,0.130106975,USD
.SPX,2019-02-07,2019-02-07,DISCRETE,0.130127853,USD
.SPX,2019-02-08,2019-02-08,DISCRETE,0.130148736,USD
.SPX,2019-02-11,2019-02-11,DISCRETE,0.390594721,USD
.SPX,2019-02-12,2019-02-12,DISCRETE,0.130232307,USD
.SPX,2019-02-13,2019-02-13,DISCRETE,0.13025321,USD
.SPX,2019-02-14,2019-02-14,DISCRETE,0.130274118,USD
.SPX,2019-02-15,2019-02-15,DISCRETE,0.13029503,USD
.SPX,2019-02-19,2019-02-19,DISCRETE,0.521435971,USD
.SPX,2019-02-20,2019-02-20,DISCRETE,0.130399653,USD
.SPX,2019-02-21,2019-02-21,DISCRETE,0.13042059,USD
.SPX,2019-02-22,2019-02-22,DISCRETE,0.130441532,USD
.SPX,2019-02-25,2019-02-25,DISCRETE,0.391473733,USD
.SPX,2019-02-26,2019-02-26,DISCRETE,0.13052534,USD
.SPX,2019-02-27,2019-02-27,DISCRETE,0.130546303,USD
.SPX,2019-02-28,2019-02-28,DISCRETE,0.13056727,USD
.SPX,2019-03-01,2019-03-01,DISCRETE,0.130588241,USD
.SPX,2019-03-04,2019-03-04,DISCRETE,0.391914176,USD
.SPX,2019-03-05,2019-03-05,DISCRETE,0.130672169,USD
.SPX,2019-03-06,2019-03-06,DISCRETE,0.130693162,USD
.SPX,2019-03-07,2019-03-07,DISCRETE,0.130714159,USD
.SPX,2019-03-08,2019-03-08,DISCRETE,0.13073516,USD
.SPX,2019-03-11,2019-03-11,DISCRETE,0.392355246,USD
.SPX,2019-03-12,2019-03-12,DISCRETE,0.130819207,USD
.SPX,2019-03-13,2019-03-13,DISCRETE,0.13084023,USD
.SPX,2019-03-14,2019-03-14,DISCRETE,0.130861257,USD
.SPX,2019-03-15,2019-03-15,DISCRETE,0.130882288,USD
.SPX,2019-03-18,2019-03-18,DISCRETE,0.392796946,USD
.SPX,2019-03-19,2019-03-19,DISCRETE,0.130966455,USD
.SPX,2019-03-20,2019-03-20,DISCRETE,0.130987329,USD
.SPX,2019-03-21,2019-03-21,DISCRETE,0.131008207,USD
.SPX,2019-03-22,2019-03-22,DISCRETE,0.131029088,USD
.SPX,2019-03-25,2019-03-25,DISCRETE,0.393236034,USD
.SPX,2019-03-26,2019-03-26,DISCRETE,0.131112651,USD
.SPX,2019-03-27,2019-03-27,DISCRETE,0.131133551,USD
.SPX,2019-03-28,2019-03-28,DISCRETE,0.131154455,USD
.SPX,2019-03-29,2019-03-29,DISCRETE,0.131175362,USD
.SPX,2019-04-01,2019-04-01,DISCRETE,0.39367514,USD
.SPX,2019-04-02,2019-04-02,DISCRETE,0.131259031,USD
.SPX,2019-04-03,2019-04-03,DISCRETE,0.131279957,USD
.SPX,2019-04-04,2019-04-04,DISCRETE,0.131300887,USD
.SPX,2019-04-05,2019-04-05,DISCRETE,0.131321821,USD
.SPX,2019-04-08,2019-04-08,DISCRETE,0.394114801,USD
.SPX,2019-04-09,2019-04-09,DISCRETE,0.131405595,USD
.SPX,2019-04-10,2019-04-10,DISCRETE,0.131426548,USD
.SPX,2019-04-11,2019-04-11,DISCRETE,0.131447505,USD
.SPX,2019-04-12,2019-04-12,DISCRETE,0.131468466,USD
.SPX,2019-04-15,2019-04-15,DISCRETE,0.394555018,USD
.SPX,2019-04-16,2019-04-16,DISCRETE,0.131552346,USD
.SPX,2019-04-17,2019-04-17,DISCRETE,0.131573325,USD
.SPX,2019-04-18,2019-04-18,DISCRETE,0.131594309,USD
.SPX,2019-04-19,2019-04-19,DISCRETE,0.131615296,USD
.SPX,2019-04-22,2019-04-22,DISCRETE,0.394995794,USD
.SPX,2019-04-23,2019-04-23,DISCRETE,0.131699283,USD
.SPX,2019-04-24,2019-04-24,DISCRETE,0.131720289,USD
.SPX,2019-04-25,2019-04-25,DISCRETE,0.131741299,USD
.SPX,2019-04-26,2019-04-26,DISCRETE,0.131762313,USD
.SPX,2019-04-29,2019-04-29,DISCRETE,0.395437131,USD
.SPX,2019-04-30,2019-04-30,DISCRETE,0.131846406,USD
.SPX,2019-05-01,2019-05-01,DISCRETE,0.131867439,USD
.SPX,2019-05-02,2019-05-02,DISCRETE,0.131888476,USD
.SPX,2019-05-03,2019-05-03,DISCRETE,0.131909516,USD
.SPX,2019-05-06,2019-05-06,DISCRETE,0.395879029,USD
.SPX,2019-05-07,2019-05-07,DISCRETE,0.131993717,USD
.SPX,2019-05-08,2019-05-08,DISCRETE,0.132014777,USD
.SPX,2019-05-09,2019-05-09,DISCRETE,0.13203584,USD
.SPX,2019-05-10,2019-05-10,DISCRETE,0.132056908,USD
.SPX,2019-05-13,2019-05-13,DISCRETE,0.396321491,USD
.SPX,2019-05-14,2019-05-14,DISCRETE,0.132141216,USD
.SPX,2019-05-15,2019-05-15,DISCRETE,0.132162303,USD
.SPX,2019-05-16,2019-05-16,DISCRETE,0.132183393,USD
.SPX,2019-05-17,2019-05-17,DISCRETE,0.132204488,USD
.SPX,2019-05-20,2019-05-20,DISCRETE,0.396764519,USD
.SPX,2019-05-21,2019-05-21,DISCRETE,0.132288904,USD
.SPX,2019-05-22,2019-05-22,DISCRETE,0.132310017,USD
.SPX,2019-05-23,2019-05-23,DISCRETE,0.132331135,USD
.SPX,2019-05-24,2019-05-24,DISCRETE,0.132352256,USD
.SPX,2019-05-28,2019-05-28,DISCRETE,0.529669494,USD
.SPX,2019-05-29,2019-05-29,DISCRETE,0.132457921,USD
.SPX,2019-05-30,2019-05-30,DISCRETE,0.132479066,USD
.SPX,2019-05-31,2019-05-31,DISCRETE,0.132500214,USD
.SPX,2019-06-03,2019-06-03,DISCRETE,0.397652278,USD
.SPX,2019-06-04,2019-06-04,DISCRETE,0.132584847,USD
.SPX,2019-06-05,2019-06-05,DISCRETE,0.132606015,USD
.SPX,2019-06-06,2019-06-06,DISCRETE,0.132627187,USD
.SPX,2019-06-07,2019-06-07,DISCRETE,0.132648362,USD
.SPX,2019-06-10,2019-06-10,DISCRETE,0.398097012,USD
.SPX,2019-06-11,2019-06-11,DISCRETE,0.132733104,USD
.SPX,2019-06-12,2019-06-12,DISCRETE,0.132754299,USD
.SPX,2019-06-13,2019-06-13,DISCRETE,0.132775498,USD
.SPX,2019-06-14,2019-06-14,DISCRETE,0.132796701,USD
.SPX,2019-06-17,2019-06-17,DISCRETE,0.39854232,USD
.SPX,2019-06-18,2019-06-18,DISCRETE,0.132881552,USD
.SPX,2019-06-19,2019-06-19,DISCRETE,0.132902774,USD
.SPX,2019-06-20,2019-06-20,DISCRETE,0.132924001,USD
.SPX,2019-06-21,2019-06-21,DISCRETE,0.132945079,USD
.SPX,2019-06-24,2019-06-24,DISCRETE,0.398986371,USD
.SPX,2019-06-25,2019-06-25,DISCRETE,0.133029427,USD
.SPX,2019-06-26,2019-06-26,DISCRETE,0.133050523,USD
.SPX,2019-06-27,2019-06-27,DISCRETE,0.133071622,USD
.SPX,2019-06-28,2019-06-28,DISCRETE,0.133092725,USD
.SPX,2019-07-01,2019-07-01,DISCRETE,0.399429577,USD
.SPX,2019-07-02,2019-07-02,DISCRETE,0.133177172,USD
.SPX,2019-07-03,2019-07-03,DISCRETE,0.133198292,USD
.SPX,2019-07-05,2019-07-05,DISCRETE,0.266468234,USD
.SPX,2019-07-08,2019-07-08,DISCRETE,0.399873299,USD
.SPX,2019-07-09,2019-07-09,DISCRETE,0.133325088,USD
.SPX,2019-07-10,2019-07-10,DISCRETE,0.133346233,USD
.SPX,2019-07-11,2019-07-11,DISCRETE,0.133367382,USD
.SPX,2019-07-12,2019-07-12,DISCRETE,0.133388534,USD
.SPX,2019-07-15,2019-07-15,DISCRETE,0.40031754,USD
.SPX,2019-07-16,2019-07-16,DISCRETE,0.133473178,USD
.SPX,2019-07-17,2019-07-17,DISCRETE,0.133494348,USD
.SPX,2019-07-18,2019-07-18,DISCRETE,0.133515521,USD
.SPX,2019-07-19,2019-07-19,DISCRETE,0.133536698,USD
.SPX,2019-07-22,2019-07-22,DISCRETE,0.400762301,USD
.SPX,2019-07-23,2019-07-23,DISCRETE,0.133621441,USD
.SPX,2019-07-24,2019-07-24,DISCRETE,0.133642636,USD
.SPX,2019-07-25,2019-07-25,DISCRETE,0.133663834,USD
.SPX,2019-07-26,2019-07-26,DISCRETE,0.133685035,USD
.SPX,2019-07-29,2019-07-29,DISCRETE,0.401207583,USD
.SPX,2019-07-30,2019-07-30,DISCRETE,0.133769878,USD
.SPX,2019-07-31,2019-07-31,DISCRETE,0.133791097,USD
.SPX,2019-08-01,2019-08-01,DISCRETE,0.13381232,USD
.SPX,2019-08-02,2019-08-02,DISCRETE,0.133833547,USD
.SPX,2019-08-05,2019-08-05,DISCRETE,0.401653389,USD
.SPX,2019-08-06,2019-08-06,DISCRETE,0.133918489,USD
.SPX,2019-08-07,2019-08-07,DISCRETE,0.133939734,USD
.SPX,2019-08-08,2019-08-08,DISCRETE,0.133960982,USD
.SPX,2019-08-09,2019-08-09,DISCRETE,0.133982233,USD
.SPX,2019-08-12,2019-08-12,DISCRETE,0.402099719,USD
.SPX,2019-08-13,2019-08-13,DISCRETE,0.134067276,USD
.SPX,2019-08-14,2019-08-14,DISCRETE,0.134088545,USD
.SPX,2019-08-15,2019-08-15,DISCRETE,0.134109818,USD
.SPX,2019-08-16,2019-08-16,DISCRETE,0.134131095,USD
.SPX,2019-08-19,2019-08-19,DISCRETE,0.402546575,USD
.SPX,2019-08-20,2019-08-20,DISCRETE,0.134216237,USD
.SPX,2019-08-21,2019-08-21,DISCRETE,0.134237532,USD
.SPX,2019-08-22,2019-08-22,DISCRETE,0.13425883,USD
.SPX,2019-08-23,2019-08-23,DISCRETE,0.134280132,USD
.SPX,2019-08-26,2019-08-26,DISCRETE,0.40299396,USD
.SPX,2019-08-27,2019-08-27,DISCRETE,0.134365375,USD
.SPX,2019-08-28,2019-08-28,DISCRETE,0.134386695,USD
.SPX,2019-08-29,2019-08-29,DISCRETE,0.134408019,USD
.SPX,2019-08-30,2019-08-30,DISCRETE,0.134429346,USD
.SPX,2019-09-03,2019-09-03,DISCRETE,0.537982424,USD
.SPX,2019-09-04,2019-09-04,DISCRETE,0.134536035,USD
.SPX,2019-09-05,2019-09-05,DISCRETE,0.134557384,USD
.SPX,2019-09-06,2019-09-06,DISCRETE,0.134578736,USD
.SPX,2019-09-09,2019-09-09,DISCRETE,0.403890319,USD
.SPX,2019-09-10,2019-09-10,DISCRETE,0.134664181,USD
.SPX,2019-09-11,2019-09-11,DISCRETE,0.134685552,USD
.SPX,2019-09-12,2019-09-12,DISCRETE,0.134706926,USD
.SPX,2019-09-13,2019-09-13,DISCRETE,0.134728304,USD
.SPX,2019-09-16,2019-09-16,DISCRETE,0.404339297,USD
.SPX,2019-09-17,2019-09-17,DISCRETE,0.134813851,USD
.SPX,2019-09-18,2019-09-18,DISCRETE,0.134835247,USD
.SPX,2019-09-19,2019-09-19,DISCRETE,0.134856646,USD
.SPX,2019-09-20,2019-09-20,DISCRETE,0.134877908,USD
.SPX,2019-09-23,2019-09-23,DISCRETE,0.404787109,USD
.SPX,2019-09-24,2019-09-24,DISCRETE,0.134962989,USD
.SPX,2019-09-25,2019-09-25,DISCRETE,0.134984267,USD
.SPX,2019-09-26,2019-09-26,DISCRETE,0.135005549,USD
.SPX,2019-09-27,2019-09-27,DISCRETE,0.135026834,USD
.SPX,2019-09-30,2019-09-30,DISCRETE,0.405234141,USD
.SPX,2019-10-01,2019-10-01,DISCRETE,0.135112007,USD
.SPX,2019-10-02,2019-10-02,DISCRETE,0.135133309,USD
.SPX,2019-10-03,2019-10-03,DISCRETE,0.135154614,USD
.SPX,2019-10-04,2019-10-04,DISCRETE,0.135175922,USD
.SPX,2019-10-07,2019-10-07,DISCRETE,0.405681659,USD
.SPX,2019-10-08,2019-10-08,DISCRETE,0.135261188,USD
.SPX,2019-10-09,2019-10-09,DISCRETE,0.135282512,USD
.SPX,2019-10-10,2019-10-10,DISCRETE,0.13530384,USD
.SPX,2019-10-11,2019-10-11,DISCRETE,0.135325172,USD
.SPX,2019-10-15,2019-10-15,DISCRETE,0.541566344,USD
.SPX,2019-10-16,2019-10-16,DISCRETE,0.135431878,USD
.SPX,2019-10-17,2019-10-17,DISCRETE,0.13545323,USD
.SPX,2019-10-18,2019-10-18,DISCRETE,0.135474584,USD
.SPX,2019-10-21,2019-10-21,DISCRETE,0.406578158,USD
.SPX,2019-10-22,2019-10-22,DISCRETE,0.135560036,USD
.SPX,2019-10-23,2019-10-23,DISCRETE,0.135581407,USD
.SPX,2019-10-24,2019-10-24,DISCRETE,0.135602782,USD
.SPX,2019-10-25,2019-10-25,DISCRETE,0.13562416,USD
.SPX,2019-10-28,2019-10-28,DISCRETE,0.407027142,USD
.SPX,2019-10-29,2019-10-29,DISCRETE,0.135709705,USD
.SPX,2019-10-30,2019-10-30,DISCRETE,0.1357311,USD
.SPX,2019-10-31,2019-10-31,DISCRETE,0.135752498,USD
.SPX,2019-11-01,2019-11-01,DISCRETE,0.135773899,USD
.SPX,2019-11-04,2019-11-04,DISCRETE,0.407476618,USD
.SPX,2019-11-05,2019-11-05,DISCRETE,0.135859538,USD
.SPX,2019-11-06,2019-11-06,DISCRETE,0.135880956,USD
.SPX,2019-11-07,2019-11-07,DISCRETE,0.135902378,USD
.SPX,2019-11-08,2019-11-08,DISCRETE,0.135923803,USD
.SPX,2019-11-12,2019-11-12,DISCRETE,0.543962739,USD
.SPX,2019-11-13,2019-11-13,DISCRETE,0.136030978,USD
.SPX,2019-11-14,2019-11-14,DISCRETE,0.136052423,USD
.SPX,2019-11-15,2019-11-15,DISCRETE,0.136073871,USD
.SPX,2019-11-18,2019-11-18,DISCRETE,0.40837705,USD
.SPX,2019-11-19,2019-11-19,DISCRETE,0.136159698,USD
.SPX,2019-11-20,2019-11-20,DISCRETE,0.136181164,USD
.SPX,2019-11-21,2019-11-21,DISCRETE,0.136202632,USD
.SPX,2019-11-22,2019-11-22,DISCRETE,0.136224104,USD
.SPX,2019-11-25,2019-11-25,DISCRETE,0.408828009,USD
.SPX,2019-11-26,2019-11-26,DISCRETE,0.136310026,USD
.SPX,2019-11-27,2019-11-27,DISCRETE,0.136331515,USD
.SPX,2019-11-29,2019-11-29,DISCRETE,0.272736479,USD
.SPX,2019-12-02,2019-12-02,DISCRETE,0.409279466,USD
.SPX,2019-12-03,2019-12-03,DISCRETE,0.13646052,USD
.SPX,2019-12-04,2019-12-04,DISCRETE,0.136482033,USD
.SPX,2019-12-05,2019-12-05,DISCRETE,0.136503549,USD
.SPX,2019-12-06,2019-12-06,DISCRETE,0.136525068,USD
.SPX,2019-12-09,2019-12-09,DISCRETE,0.409731422,USD
.SPX,2019-12-10,2019-12-10,DISCRETE,0.13661118,USD
.SPX,2019-12-11,2019-12-11,DISCRETE,0.136632717,USD
.SPX,2019-12-12,2019-12-12,DISCRETE,0.136654256,USD
.SPX,2019-12-13,2019-12-13,DISCRETE,0.1366758,USD
.SPX,2019-12-16,2019-12-16,DISCRETE,0.410183878,USD
.SPX,2019-12-17,2019-12-17,DISCRETE,0.136762007,USD
.SPX,2019-12-18,2019-12-18,DISCRETE,0.136783568,USD
.SPX,2019-12-19,2019-12-19,DISCRETE,0.136804482,USD
.SPX,2019-12-20,2019-12-20,DISCRETE,0.136825398,USD
.SPX,2019-12-23,2019-12-23,DISCRETE,0.708756877,USD
.SPX,2019-12-24,2019-12-24,DISCRETE,0.236648057,USD
.SPX,2019-12-26,2019-12-26,DISCRETE,0.473926062,USD
.SPX,2019-12-27,2019-12-27,DISCRETE,0.237263306,USD
.SPX,2019-12-30,2019-12-30,DISCRETE,0.713063989,USD
.SPX,2019-12-31,2019-12-31,DISCRETE,0.238083187,USD
.SPX,2020-01-02,2020-01-02,DISCRETE,0.47679577,USD
.SPX,2020-01-03,2020-01-03,DISCRETE,0.238697759,USD
.SPX,2020-01-06,2020-01-06,DISCRETE,0.717366365,USD
.SPX,2020-01-07,2020-01-07,DISCRETE,0.239516734,USD
.SPX,2020-01-08,2020-01-08,DISCRETE,0.239721397,USD
.SPX,2020-01-09,2020-01-09,DISCRETE,0.239926026,USD
.SPX,2020-01-10,2020-01-10,DISCRETE,0.240130624,USD
.SPX,2020-01-13,2020-01-13,DISCRETE,0.721663962,USD
.SPX,2020-01-14,2020-01-14,DISCRETE,0.240948684,USD
.SPX,2020-01-15,2020-01-15,DISCRETE,0.241153117,USD
.SPX,2020-01-16,2020-01-16,DISCRETE,0.241357517,USD
.SPX,2020-01-17,2020-01-17,DISCRETE,0.241561885,USD
.SPX,2020-01-21,2020-01-21,DISCRETE,0.968381022,USD
.SPX,2020-01-22,2020-01-22,DISCRETE,0.242583225,USD
.SPX,2020-01-23,2020-01-23,DISCRETE,0.242787393,USD
.SPX,2020-01-24,2020-01-24,DISCRETE,0.242991528,USD
.SPX,2020-01-27,2020-01-27,DISCRETE,0.730244652,USD
.SPX,2020-01-28,2020-01-28,DISCRETE,0.243807736,USD
.SPX,2020-01-29,2020-01-29,DISCRETE,0.244011705,USD
.SPX,2020-01-30,2020-01-30,DISCRETE,0.244215639,USD
.SPX,2020-01-31,2020-01-31,DISCRETE,0.244419541,USD
.SPX,2020-02-03,2020-02-03,DISCRETE,0.734527661,USD
.SPX,2020-02-04,2020-02-04,DISCRETE,0.24523481,USD
.SPX,2020-02-05,2020-02-05,DISCRETE,0.245438543,USD
.SPX,2020-02-06,2020-02-06,DISCRETE,0.245642242,USD
.SPX,2020-02-07,2020-02-07,DISCRETE,0.245845908,USD
.SPX,2020-02-10,2020-02-10,DISCRETE,0.738805722,USD
.SPX,2020-02-11,2020-02-11,DISCRETE,0.246660231,USD
.SPX,2020-02-12,2020-02-12,DISCRETE,0.246863726,USD
.SPX,2020-02-13,2020-02-13,DISCRETE,0.247067188,USD
.SPX,2020-02-14,2020-02-14,DISCRETE,0.247270615,USD
.SPX,2020-02-18,2020-02-18,DISCRETE,0.99120955,USD
.SPX,2020-02-19,2020-02-19,DISCRETE,0.24828724,USD
.SPX,2020-02-20,2020-02-20,DISCRETE,0.248490462,USD
.SPX,2020-02-21,2020-02-21,DISCRETE,0.24869365,USD
.SPX,2020-02-24,2020-02-24,DISCRETE,0.747346834,USD
.SPX,2020-02-25,2020-02-25,DISCRETE,0.249506055,USD
.SPX,2020-02-26,2020-02-26,DISCRETE,0.24970907,USD
.SPX,2020-02-27,2020-02-27,DISCRETE,0.249912051,USD
.SPX,2020-02-28,2020-02-28,DISCRETE,0.250114996,USD
.SPX,2020-03-02,2020-03-02,DISCRETE,0.751609801,USD
.SPX,2020-03-03,2020-03-03,DISCRETE,0.141508404,USD
.SPX,2020-03-04,2020-03-04,DISCRETE,0.141522878,USD
.SPX,2020-03-05,2020-03-05,DISCRETE,0.141537356,USD
.SPX,2020-03-06,2020-03-06,DISCRETE,0.141551838,USD
.SPX,2020-03-09,2020-03-09,DISCRETE,0.42476938,USD
.SPX,2020-03-10,2020-03-10,DISCRETE,0.141609802,USD
.SPX,2020-03-11,2020-03-11,DISCRETE,0.141624302,USD
.SPX,2020-03-12,2020-03-12,DISCRETE,0.141638806,USD
.SPX,2020-03-13,2020-03-13,DISCRETE,0.141653313,USD
.SPX,2020-03-16,2020-03-16,DISCRETE,0.425074074,USD
.SPX,2020-03-17,2020-03-17,DISCRETE,0.14171138,USD
.SPX,2020-03-18,2020-03-18,DISCRETE,0.141725906,USD
.SPX,2020-03-19,2020-03-19,DISCRETE,0.141740436,USD
.SPX,2020-03-20,2020-03-20,DISCRETE,0.141754969,USD
.SPX,2020-03-23,2020-03-23,DISCRETE,0.425379303,USD
.SPX,2020-03-24,2020-03-24,DISCRETE,0.141813137,USD
.SPX,2020-03-25,2020-03-25,DISCRETE,0.141827688,USD
.SPX,2020-03-26,2020-03-26,DISCRETE,0.141842242,USD
.SPX,2020-03-27,2020-03-27,DISCRETE,0.141856801,USD
.SPX,2020-03-30,2020-03-30,DISCRETE,0.425685056,USD
.SPX,2020-03-31,2020-03-31,DISCRETE,0.141915068,USD
.SPX,2020-04-01,2020-04-01,DISCRETE,0.141929643,USD
.SPX,2020-04-02,2020-04-02,DISCRETE,0.141944222,USD
.SPX,2020-04-03,2020-04-03,DISCRETE,0.141958805,USD
.SPX,2020-04-06,2020-04-06,DISCRETE,0.425991321,USD
.SPX,2020-04-07,2020-04-07,DISCRETE,0.142017169,USD
.SPX,2020-04-08,2020-04-08,DISCRETE,0.142031768,USD
.SPX,2020-04-09,2020-04-09,DISCRETE,0.142046371,USD
.SPX,2020-04-10,2020-04-10,DISCRETE,0.142060978,USD
.SPX,2020-04-13,2020-04-13,DISCRETE,0.426298088,USD
.SPX,2020-04-14,2020-04-14,DISCRETE,0.142119436,USD
.SPX,2020-04-15,2020-04-15,DISCRETE,0.142134059,USD
.SPX,2020-04-16,2020-04-16,DISCRETE,0.142148686,USD
.SPX,2020-04-17,2020-04-17,DISCRETE,0.142163315,USD
.SPX,2020-04-20,2020-04-20,DISCRETE,0.426605344,USD
.SPX,2020-04-21,2020-04-21,DISCRETE,0.142221867,USD
.SPX,2020-04-22,2020-04-22,DISCRETE,0.142236513,USD
.SPX,2020-04-23,2020-04-23,DISCRETE,0.142251162,USD
.SPX,2020-04-24,2020-04-24,DISCRETE,0.142265814,USD
.SPX,2020-04-27,2020-04-27,DISCRETE,0.426913079,USD
.SPX,2020-04-28,2020-04-28,DISCRETE,0.142324456,USD
.SPX,2020-04-29,2020-04-29,DISCRETE,0.142339124,USD
.SPX,2020-04-30,2020-04-30,DISCRETE,0.142353795,USD
.SPX,2020-05-01,2020-05-01,DISCRETE,0.14236847,USD
.SPX,2020-05-04,2020-05-04,DISCRETE,0.427221279,USD
.SPX,2020-05-05,2020-05-05,DISCRETE,0.1424272,USD
.SPX,2020-05-06,2020-05-06,DISCRETE,0.14244189,USD
.SPX,2020-05-07,2020-05-07,DISCRETE,0.142456583,USD
.SPX,2020-05-08,2020-05-08,DISCRETE,0.142471279,USD
.SPX,2020-05-11,2020-05-11,DISCRETE,0.427529935,USD
.SPX,2020-05-12,2020-05-12,DISCRETE,0.142530095,USD
.SPX,2020-05-13,2020-05-13,DISCRETE,0.142544806,USD
.SPX,2020-05-14,2020-05-14,DISCRETE,0.14255952,USD
.SPX,2020-05-15,2020-05-15,DISCRETE,0.142574238,USD
.SPX,2020-05-18,2020-05-18,DISCRETE,0.427839034,USD
.SPX,2020-05-19,2020-05-19,DISCRETE,0.142633137,USD
.SPX,2020-05-20,2020-05-20,DISCRETE,0.142647869,USD
.SPX,2020-05-21,2020-05-21,DISCRETE,0.142662604,USD
.SPX,2020-05-22,2020-05-22,DISCRETE,0.142677342,USD
.SPX,2020-05-26,2020-05-26,DISCRETE,0.570912986,USD
.SPX,2020-05-27,2020-05-27,DISCRETE,0.142751075,USD
.SPX,2020-05-28,2020-05-28,DISCRETE,0.14276583,USD
.SPX,2020-05-29,2020-05-29,DISCRETE,0.142780588,USD
.SPX,2020-06-01,2020-06-01,DISCRETE,0.428458515,USD
.SPX,2020-06-02,2020-06-02,DISCRETE,0.142839647,USD
.SPX,2020-06-03,2020-06-03,DISCRETE,0.142854419,USD
.SPX,2020-06-04,2020-06-04,DISCRETE,0.142869194,USD
.SPX,2020-06-05,2020-06-05,DISCRETE,0.142883971,USD
.SPX,2020-06-08,2020-06-08,DISCRETE,0.428768873,USD
.SPX,2020-06-09,2020-06-09,DISCRETE,0.142943108,USD
.SPX,2020-06-10,2020-06-10,DISCRETE,0.142957899,USD
.SPX,2020-06-11,2020-06-11,DISCRETE,0.142972692,USD
.SPX,2020-06-12,2020-06-12,DISCRETE,0.142987488,USD
.SPX,2020-06-15,2020-06-15,DISCRETE,0.429079628,USD
.SPX,2020-06-16,2020-06-16,DISCRETE,0.1430467,USD
.SPX,2020-06-17,2020-06-17,DISCRETE,0.143061509,USD
.SPX,2020-06-18,2020-06-18,DISCRETE,0.143076321,USD
.SPX,2020-06-19,2020-06-19,DISCRETE,0.143091136,USD
.SPX,2020-06-22,2020-06-22,DISCRETE,0.429390767,USD
.SPX,2020-06-23,2020-06-23,DISCRETE,0.143150419,USD
.SPX,2020-06-24,2020-06-24,DISCRETE,0.143165246,USD
.SPX,2020-06-25,2020-06-25,DISCRETE,0.143180076,USD
.SPX,2020-06-26,2020-06-26,DISCRETE,0.143194909,USD
.SPX,2020-06-29,2020-06-29,DISCRETE,0.42970228,USD
.SPX,2020-06-30,2020-06-30,DISCRETE,0.143254262,USD
.SPX,2020-07-01,2020-07-01,DISCRETE,0.143269107,USD
.SPX,2020-07-02,2020-07-02,DISCRETE,0.143283954,USD
.SPX,2020-07-03,2020-07-03,DISCRETE,0.143298804,USD
.SPX,2020-07-06,2020-07-06,DISCRETE,0.430014153,USD
.SPX,2020-07-07,2020-07-07,DISCRETE,0.143358225,USD
.SPX,2020-07-08,2020-07-08,DISCRETE,0.143373087,USD
.SPX,2020-07-09,2020-07-09,DISCRETE,0.143387951,USD
.SPX,2020-07-10,2020-07-10,DISCRETE,0.143402817,USD
.SPX,2020-07-13,2020-07-13,DISCRETE,0.430326374,USD
.SPX,2020-07-14,2020-07-14,DISCRETE,0.143462304,USD
.SPX,2020-07-15,2020-07-15,DISCRETE,0.143477182,USD
.SPX,2020-07-16,2020-07-16,DISCRETE,0.143492062,USD
.SPX,2020-07-17,2020-07-17,DISCRETE,0.143506944,USD
.SPX,2020-07-20,2020-07-20,DISCRETE,0.430638933,USD
.SPX,2020-07-21,2020-07-21,DISCRETE,0.143566495,USD
.SPX,2020-07-22,2020-07-22,DISCRETE,0.143581388,USD
.SPX,2020-07-23,2020-07-23,DISCRETE,0.143596283,USD
.SPX,2020-07-24,2020-07-24,DISCRETE,0.143611181,USD
.SPX,2020-07-27,2020-07-27,DISCRETE,0.430951817,USD
.SPX,2020-07-28,2020-07-28,DISCRETE,0.143670793,USD
.SPX,2020-07-29,2020-07-29,DISCRETE,0.143685701,USD
.SPX,2020-07-30,2020-07-30,DISCRETE,0.143700611,USD
.SPX,2020-07-31,2020-07-31,DISCRETE,0.143715524,USD
.SPX,2020-08-03,2020-08-03,DISCRETE,0.431265014,USD
.SPX,2020-08-04,2020-08-04,DISCRETE,0.143775195,USD
.SPX,2020-08-05,2020-08-05,DISCRETE,0.143790117,USD
.SPX,2020-08-06,2020-08-06,DISCRETE,0.143805042,USD
.SPX,2020-08-07,2020-08-07,DISCRETE,0.143819969,USD
.SPX,2020-08-10,2020-08-10,DISCRETE,0.431578512,USD
.SPX,2020-08-11,2020-08-11,DISCRETE,0.143879696,USD
.SPX,2020-08-12,2020-08-12,DISCRETE,0.143894633,USD
.SPX,2020-08-13,2020-08-13,DISCRETE,0.143909572,USD
.SPX,2020-08-14,2020-08-14,DISCRETE,0.143924512,USD
.SPX,2020-08-17,2020-08-17,DISCRETE,0.431892298,USD
.SPX,2020-08-18,2020-08-18,DISCRETE,0.143984294,USD
.SPX,2020-08-19,2020-08-19,DISCRETE,0.143999244,USD
.SPX,2020-08-20,2020-08-20,DISCRETE,0.144014195,USD
.SPX,2020-08-21,2020-08-21,DISCRETE,0.144029149,USD
.SPX,2020-08-24,2020-08-24,DISCRETE,0.432206361,USD
.SPX,2020-08-25,2020-08-25,DISCRETE,0.144088982,USD
.SPX,2020-08-26,2020-08-26,DISCRETE,0.144103945,USD
.SPX,2020-08-27,2020-08-27,DISCRETE,0.14411891,USD
.SPX,2020-08-28,2020-08-28,DISCRETE,0.144133876,USD
.SPX,2020-08-31,2020-08-31,DISCRETE,0.432520689,USD
.SPX,2020-09-01,2020-09-01,DISCRETE,0.144193759,USD
.SPX,2020-09-02,2020-09-02,DISCRETE,0.144208734,USD
.SPX,2020-09-03,2020-09-03,DISCRETE,0.144223711,USD
.SPX,2020-09-04,2020-09-04,DISCRETE,0.144238689,USD
.SPX,2020-09-08,2020-09-08,DISCRETE,0.577163215,USD
.SPX,2020-09-09,2020-09-09,DISCRETE,0.144313606,USD
.SPX,2020-09-10,2020-09-10,DISCRETE,0.144328594,USD
.SPX,2020-09-11,2020-09-11,DISCRETE,0.144343584,USD
.SPX,2020-09-14,2020-09-14,DISCRETE,0.433150088,USD
.SPX,2020-09-15,2020-09-15,DISCRETE,0.144403558,USD
.SPX,2020-09-16,2020-09-16,DISCRETE,0.144418556,USD
.SPX,2020-09-17,2020-09-17,DISCRETE,0.144433555,USD
.SPX,2020-09-18,2020-09-18,DISCRETE,0.144448556,USD
.SPX,2020-09-21,2020-09-21,DISCRETE,0.433465136,USD
.SPX,2020-09-22,2020-09-22,DISCRETE,0.144508573,USD
.SPX,2020-09-23,2020-09-23,DISCRETE,0.144523581,USD
.SPX,2020-09-24,2020-09-24,DISCRETE,0.144538591,USD
.SPX,2020-09-25,2020-09-25,DISCRETE,0.144553602,USD
.SPX,2020-09-28,2020-09-28,DISCRETE,0.433780399,USD
.SPX,2020-09-29,2020-09-29,DISCRETE,0.144613659,USD
.SPX,2020-09-30,2020-09-30,DISCRETE,0.144628677,USD
.SPX,2020-10-01,2020-10-01,DISCRETE,0.144643696,USD
.SPX,2020-10-02,2020-10-02,DISCRETE,0.144658717,USD
.SPX,2020-10-05,2020-10-05,DISCRETE,0.434095866,USD
.SPX,2020-10-06,2020-10-06,DISCRETE,0.144718812,USD
.SPX,2020-10-07,2020-10-07,DISCRETE,0.144733839,USD
.SPX,2020-10-08,2020-10-08,DISCRETE,0.144748868,USD
.SPX,2020-10-09,2020-10-09,DISCRETE,0.144763897,USD
.SPX,2020-10-13,2020-10-13,DISCRETE,0.579265202,USD
.SPX,2020-10-14,2020-10-14,DISCRETE,0.144839064,USD
.SPX,2020-10-15,2020-10-15,DISCRETE,0.144854101,USD
.SPX,2020-10-16,2020-10-16,DISCRETE,0.144869139,USD
.SPX,2020-10-19,2020-10-19,DISCRETE,0.434727358,USD
.SPX,2020-10-20,2020-10-20,DISCRETE,0.144929303,USD
.SPX,2020-10-21,2020-10-21,DISCRETE,0.144944347,USD
.SPX,2020-10-22,2020-10-22,DISCRETE,0.144959392,USD
.SPX,2020-10-23,2020-10-23,DISCRETE,0.144974438,USD
.SPX,2020-10-26,2020-10-26,DISCRETE,0.435043359,USD
.SPX,2020-10-27,2020-10-27,DISCRETE,0.145034633,USD
.SPX,2020-10-28,2020-10-28,DISCRETE,0.145049684,USD
.SPX,2020-10-29,2020-10-29,DISCRETE,0.145064736,USD
.SPX,2020-10-30,2020-10-30,DISCRETE,0.14507979,USD
.SPX,2020-11-02,2020-11-02,DISCRETE,0.435359513,USD
.SPX,2020-11-03,2020-11-03,DISCRETE,0.145140013,USD
.SPX,2020-11-04,2020-11-04,DISCRETE,0.145155071,USD
.SPX,2020-11-05,2020-11-05,DISCRETE,0.14517013,USD
.SPX,2020-11-06,2020-11-06,DISCRETE,0.14518519,USD
.SPX,2020-11-09,2020-11-09,DISCRETE,0.435675808,USD
.SPX,2020-11-10,2020-11-10,DISCRETE,0.145245439,USD
.SPX,2020-11-12,2020-11-12,DISCRETE,0.290546037,USD
.SPX,2020-11-13,2020-11-13,DISCRETE,0.145290635,USD
.SPX,2020-11-16,2020-11-16,DISCRETE,0.435992232,USD
.SPX,2020-11-17,2020-11-17,DISCRETE,0.145350908,USD
.SPX,2020-11-18,2020-11-18,DISCRETE,0.145365978,USD
.SPX,2020-11-19,2020-11-19,DISCRETE,0.145381049,USD
.SPX,2020-11-20,2020-11-20,DISCRETE,0.14539612,USD
.SPX,2020-11-23,2020-11-23,DISCRETE,0.436308771,USD
.SPX,2020-11-24,2020-11-24,DISCRETE,0.145456414,USD
.SPX,2020-11-25,2020-11-25,DISCRETE,0.145471489,USD
.SPX,2020-11-27,2020-11-27,DISCRETE,0.290998208,USD
.SPX,2020-11-30,2020-11-30,DISCRETE,0.436625412,USD
.SPX,2020-12-01,2020-12-01,DISCRETE,0.145561954,USD
.SPX,2020-12-02,2020-12-02,DISCRETE,0.145577034,USD
.SPX,2020-12-03,2020-12-03,DISCRETE,0.145592114,USD
.SPX,2020-12-04,2020-12-04,DISCRETE,0.145607195,USD
.SPX,2020-12-07,2020-12-07,DISCRETE,0.436942145,USD
.SPX,2020-12-08,2020-12-08,DISCRETE,0.145667524,USD
.SPX,2020-12-09,2020-12-09,DISCRETE,0.145682608,USD
.SPX,2020-12-10,2020-12-10,DISCRETE,0.145697692,USD
.SPX,2020-12-11,2020-12-11,DISCRETE,0.145712776,USD
.SPX,2020-12-14,2020-12-14,DISCRETE,0.437258954,USD
.SPX,2020-12-15,2020-12-15,DISCRETE,0.145773119,USD
.SPX,2020-12-16,2020-12-16,DISCRETE,0.145788206,USD
.SPX,2020-12-17,2020-12-17,DISCRETE,0.145803293,USD
.SPX,2020-12-18,2020-12-18,DISCRETE,0.14581838,USD
.SPX,2020-12-21,2020-12-21,DISCRETE,0.437575829,USD
.SPX,2020-12-22,2020-12-22,DISCRETE,0.145878735,USD
.SPX,2020-12-23,2020-12-23,DISCRETE,0.145893824,USD
.SPX,2020-12-24,2020-12-24,DISCRETE,0.145908914,USD
.SPX,2020-12-28,2020-12-28,DISCRETE,0.583846955,USD
.SPX,2020-12-29,2020-12-29,DISCRETE,0.145984367,USD
.SPX,2020-12-30,2020-12-30,DISCRETE,0.145999459,USD
.SPX,2020-12-31,2020-12-31,DISCRETE,0.14601455,USD
.SPX,2021-01-04,2021-01-04,DISCRETE,0.584269599,USD
.SPX,2021-01-05,2021-01-05,DISCRETE,0.146090012,USD
.SPX,2021-01-06,2021-01-06,DISCRETE,0.146105105,USD
.SPX,2021-01-07,2021-01-07,DISCRETE,0.146120198,USD
.SPX,2021-01-08,2021-01-08,DISCRETE,0.146135291,USD
.SPX,2021-01-11,2021-01-11,DISCRETE,0.438526713,USD
.SPX,2021-01-12,2021-01-12,DISCRETE,0.146195665,USD
.SPX,2021-01-13,2021-01-13,DISCRETE,0.146210759,USD
.SPX,2021-01-14,2021-01-14,DISCRETE,0.146225853,USD
.SPX,2021-01-15,2021-01-15,DISCRETE,0.146240947,USD
.SPX,2021-01-19,2021-01-19,DISCRETE,0.585175361,USD
.SPX,2021-01-20,2021-01-20,DISCRETE,0.146316416,USD
.SPX,2021-01-21,2021-01-21,DISCRETE,0.14633151,USD
.SPX,2021-01-22,2021-01-22,DISCRETE,0.146346604,USD
.SPX,2021-01-25,2021-01-25,DISCRETE,0.439160724,USD
.SPX,2021-01-26,2021-01-26,DISCRETE,0.146406979,USD
.SPX,2021-01-27,2021-01-27,DISCRETE,0.146422072,USD
.SPX,2021-01-28,2021-01-28,DISCRETE,0.146437165,USD
.SPX,2021-01-29,2021-01-29,DISCRETE,0.146452259,USD
.SPX,2021-02-01,2021-02-01,DISCRETE,0.439477717,USD
.SPX,2021-02-02,2021-02-02,DISCRETE,0.14651263,USD
.SPX,2021-02-03,2021-02-03,DISCRETE,0.146527723,USD
.SPX,2021-02-04,2021-02-04,DISCRETE,0.146542815,USD
.SPX,2021-02-05,2021-02-05,DISCRETE,0.146557907,USD
.SPX,2021-02-08,2021-02-08,DISCRETE,0.439794684,USD
.SPX,2021-02-09,2021-02-09,DISCRETE,0.146618273,USD
.SPX,2021-02-10,2021-02-10,DISCRETE,0.146633364,USD
.SPX,2021-02-11,2021-02-11,DISCRETE,0.146648454,USD
.SPX,2021-02-12,2021-02-12,DISCRETE,0.146663544,USD
.SPX,2021-02-16,2021-02-16,DISCRETE,0.586865963,USD
.SPX,2021-02-17,2021-02-17,DISCRETE,0.14673899,USD
.SPX,2021-02-18,2021-02-18,DISCRETE,0.146754078,USD
.SPX,2021-02-19,2021-02-19,DISCRETE,0.146769166,USD
.SPX,2021-02-22,2021-02-22,DISCRETE,0.440428491,USD
.SPX,2021-02-23,2021-02-23,DISCRETE,0.146829513,USD
.SPX,2021-02-24,2021-02-24,DISCRETE,0.146844598,USD
.SPX,2021-02-25,2021-02-25,DISCRETE,0.146859683,USD
.SPX,2021-02-26,2021-02-26,DISCRETE,0.146874768,USD
.SPX,2021-03-01,2021-03-01,DISCRETE,0.440745303,USD
.SPX,2021-03-02,2021-03-02,DISCRETE,0.146935102,USD
.SPX,2021-03-03,2021-03-03,DISCRETE,0.144390827,USD
.SPX,2021-03-04,2021-03-04,DISCRETE,0.144402544,USD
.SPX,2021-03-05,2021-03-05,DISCRETE,0.14441426,USD
.SPX,2021-03-08,2021-03-08,DISCRETE,0.43334306,USD
.SPX,2021-03-09,2021-03-09,DISCRETE,0.144461122,USD
.SPX,2021-03-10,2021-03-10,DISCRETE,0.144472839,USD
.SPX,2021-03-11,2021-03-11,DISCRETE,0.144484558,USD
.SPX,2021-03-12,2021-03-12,DISCRETE,0.144496277,USD
.SPX,2021-03-15,2021-03-15,DISCRETE,0.433589201,USD
.SPX,2021-03-16,2021-03-16,DISCRETE,0.14454317,USD
.SPX,2021-03-17,2021-03-17,DISCRETE,0.144554897,USD
.SPX,2021-03-18,2021-03-18,DISCRETE,0.144566625,USD
.SPX,2021-03-19,2021-03-19,DISCRETE,0.144578355,USD
.SPX,2021-03-22,2021-03-22,DISCRETE,0.433835547,USD
.SPX,2021-03-23,2021-03-23,DISCRETE,0.144625286,USD
.SPX,2021-03-24,2021-03-24,DISCRETE,0.144637023,USD
.SPX,2021-03-25,2021-03-25,DISCRETE,0.14464876,USD
.SPX,2021-03-26,2021-03-26,DISCRETE,0.1446605,USD
.SPX,2021-03-29,2021-03-29,DISCRETE,0.434082094,USD
.SPX,2021-03-30,2021-03-30,DISCRETE,0.14470747,USD
.SPX,2021-03-31,2021-03-31,DISCRETE,0.144719215,USD
.SPX,2021-04-01,2021-04-01,DISCRETE,0.144730963,USD
.SPX,2021-04-02,2021-04-02,DISCRETE,0.144742711,USD
.SPX,2021-04-05,2021-04-05,DISCRETE,0.434328841,USD
.SPX,2021-04-06,2021-04-06,DISCRETE,0.144789719,USD
.SPX,2021-04-07,2021-04-07,DISCRETE,0.144801474,USD
.SPX,2021-04-08,2021-04-08,DISCRETE,0.144813231,USD
.SPX,2021-04-09,2021-04-09,DISCRETE,0.144824989,USD
.SPX,2021-04-12,2021-04-12,DISCRETE,0.434575785,USD
.SPX,2021-04-13,2021-04-13,DISCRETE,0.144872034,USD
.SPX,2021-04-14,2021-04-14,DISCRETE,0.144883799,USD
.SPX,2021-04-15,2021-04-15,DISCRETE,0.144895565,USD
.SPX,2021-04-16,2021-04-16,DISCRETE,0.144907332,USD
.SPX,2021-04-19,2021-04-19,DISCRETE,0.434822923,USD
.SPX,2021-04-20,2021-04-20,DISCRETE,0.144954414,USD
.SPX,2021-04-21,2021-04-21,DISCRETE,0.144966188,USD
.SPX,2021-04-22,2021-04-22,DISCRETE,0.144977963,USD
.SPX,2021-04-23,2021-04-23,DISCRETE,0.144989739,USD
.SPX,2021-04-26,2021-04-26,DISCRETE,0.435070255,USD
.SPX,2021-04-27,2021-04-27,DISCRETE,0.145036858,USD
.SPX,2021-04-28,2021-04-28,DISCRETE,0.145048641,USD
.SPX,2021-04-29,2021-04-29,DISCRETE,0.145060425,USD
.SPX,2021-04-30,2021-04-30,DISCRETE,0.145072211,USD
.SPX,2021-05-03,2021-05-03,DISCRETE,0.435317777,USD
.SPX,2021-05-04,2021-05-04,DISCRETE,0.145119366,USD
.SPX,2021-05-05,2021-05-05,DISCRETE,0.145131158,USD
.SPX,2021-05-06,2021-05-06,DISCRETE,0.145142951,USD
.SPX,2021-05-07,2021-05-07,DISCRETE,0.145154745,USD
.SPX,2021-05-10,2021-05-10,DISCRETE,0.435565488,USD
.SPX,2021-05-11,2021-05-11,DISCRETE,0.145201936,USD
.SPX,2021-05-12,2021-05-12,DISCRETE,0.145213737,USD
.SPX,2021-05-13,2021-05-13,DISCRETE,0.145225539,USD
.SPX,2021-05-14,2021-05-14,DISCRETE,0.145237342,USD
.SPX,2021-05-17,2021-05-17,DISCRETE,0.435813385,USD
.SPX,2021-05-18,2021-05-18,DISCRETE,0.145284568,USD
.SPX,2021-05-19,2021-05-19,DISCRETE,0.145296378,USD
.SPX,2021-05-20,2021-05-20,DISCRETE,0.145308189,USD
.SPX,2021-05-21,2021-05-21,DISCRETE,0.145320001,USD
.SPX,2021-05-24,2021-05-24,DISCRETE,0.436061466,USD
.SPX,2021-05-25,2021-05-25,DISCRETE,0.145367262,USD
.SPX,2021-05-26,2021-05-26,DISCRETE,0.14537908,USD
.SPX,2021-05-27,2021-05-27,DISCRETE,0.1453909,USD
.SPX,2021-05-28,2021-05-28,DISCRETE,0.14540272,USD
.SPX,2021-06-01,2021-06-01,DISCRETE,0.581790385,USD
.SPX,2021-06-02,2021-06-02,DISCRETE,0.145461843,USD
.SPX,2021-06-03,2021-06-03,DISCRETE,0.145473671,USD
.SPX,2021-06-04,2021-06-04,DISCRETE,0.1454855,USD
.SPX,2021-06-07,2021-06-07,DISCRETE,0.436558171,USD
.SPX,2021-06-08,2021-06-08,DISCRETE,0.14553283,USD
.SPX,2021-06-09,2021-06-09,DISCRETE,0.145544665,USD
.SPX,2021-06-10,2021-06-10,DISCRETE,0.145556501,USD
.SPX,2021-06-11,2021-06-11,DISCRETE,0.145568339,USD
.SPX,2021-06-14,2021-06-14,DISCRETE,0.436806791,USD
.SPX,2021-06-15,2021-06-15,DISCRETE,0.145615702,USD
.SPX,2021-06-16,2021-06-16,DISCRETE,0.145627546,USD
.SPX,2021-06-17,2021-06-17,DISCRETE,0.145639391,USD
.SPX,2021-06-18,2021-06-18,DISCRETE,0.145651237,USD
.SPX,2021-06-21,2021-06-21,DISCRETE,0.437055586,USD
.SPX,2021-06-22,2021-06-22,DISCRETE,0.145698633,USD
.SPX,2021-06-23,2021-06-23,DISCRETE,0.145710485,USD
.SPX,2021-06-24,2021-06-24,DISCRETE,0.145722339,USD
.SPX,2021-06-25,2021-06-25,DISCRETE,0.145734193,USD
.SPX,2021-06-28,2021-06-28,DISCRETE,0.437304554,USD
.SPX,2021-06-29,2021-06-29,DISCRETE,0.145781622,USD
.SPX,2021-06-30,2021-06-30,DISCRETE,0.145793482,USD
.SPX,2021-07-01,2021-07-01,DISCRETE,0.145805344,USD
.SPX,2021-07-02,2021-07-02,DISCRETE,0.145817206,USD
.SPX,2021-07-06,2021-07-06,DISCRETE,0.583449258,USD
.SPX,2021-07-07,2021-07-07,DISCRETE,0.145876536,USD
.SPX,2021-07-08,2021-07-08,DISCRETE,0.145888405,USD
.SPX,2021-07-09,2021-07-09,DISCRETE,0.145900276,USD
.SPX,2021-07-12,2021-07-12,DISCRETE,0.437803,USD
.SPX,2021-07-13,2021-07-13,DISCRETE,0.145947769,USD
.SPX,2021-07-14,2021-07-14,DISCRETE,0.145959645,USD
.SPX,2021-07-15,2021-07-15,DISCRETE,0.145971522,USD
.SPX,2021-07-16,2021-07-16,DISCRETE,0.145983401,USD
.SPX,2021-07-19,2021-07-19,DISCRETE,0.438052473,USD
.SPX,2021-07-20,2021-07-20,DISCRETE,0.146030926,USD
.SPX,2021-07-21,2021-07-21,DISCRETE,0.14604281,USD
.SPX,2021-07-22,2021-07-22,DISCRETE,0.146054695,USD
.SPX,2021-07-23,2021-07-23,DISCRETE,0.146066581,USD
.SPX,2021-07-26,2021-07-26,DISCRETE,0.438302111,USD
.SPX,2021-07-27,2021-07-27,DISCRETE,0.146114137,USD
.SPX,2021-07-28,2021-07-28,DISCRETE,0.146126029,USD
.SPX,2021-07-29,2021-07-29,DISCRETE,0.146137921,USD
.SPX,2021-07-30,2021-07-30,DISCRETE,0.146149815,USD
.SPX,2021-08-02,2021-08-02,DISCRETE,0.43855191,USD
.SPX,2021-08-03,2021-08-03,DISCRETE,0.146197402,USD
.SPX,2021-08-04,2021-08-04,DISCRETE,0.146209301,USD
.SPX,2021-08-05,2021-08-05,DISCRETE,0.146221202,USD
.SPX,2021-08-06,2021-08-06,DISCRETE,0.146233103,USD
.SPX,2021-08-09,2021-08-09,DISCRETE,0.438801868,USD
.SPX,2021-08-10,2021-08-10,DISCRETE,0.14628072,USD
.SPX,2021-08-11,2021-08-11,DISCRETE,0.146292627,USD
.SPX,2021-08-12,2021-08-12,DISCRETE,0.146304535,USD
.SPX,2021-08-13,2021-08-13,DISCRETE,0.146316444,USD
.SPX,2021-08-16,2021-08-16,DISCRETE,0.439051984,USD
.SPX,2021-08-17,2021-08-17,DISCRETE,0.146364091,USD
.SPX,2021-08-18,2021-08-18,DISCRETE,0.146376005,USD
.SPX,2021-08-19,2021-08-19,DISCRETE,0.14638792,USD
.SPX,2021-08-20,2021-08-20,DISCRETE,0.146399837,USD
.SPX,2021-08-23,2021-08-23,DISCRETE,0.439302255,USD
.SPX,2021-08-24,2021-08-24,DISCRETE,0.146447513,USD
.SPX,2021-08-25,2021-08-25,DISCRETE,0.146459434,USD
.SPX,2021-08-26,2021-08-26,DISCRETE,0.146471357,USD
.SPX,2021-08-27,2021-08-27,DISCRETE,0.14648328,USD
.SPX,2021-08-30,2021-08-30,DISCRETE,0.439552678,USD
.SPX,2021-08-31,2021-08-31,DISCRETE,0.146530985,USD
.SPX,2021-09-01,2021-09-01,DISCRETE,0.146542914,USD
.SPX,2021-09-02,2021-09-02,DISCRETE,0.146554844,USD
.SPX,2021-09-03,2021-09-03,DISCRETE,0.146566775,USD
.SPX,2021-09-07,2021-09-07,DISCRETE,0.586449102,USD
.SPX,2021-09-08,2021-09-08,DISCRETE,0.146626444,USD
.SPX,2021-09-09,2021-09-09,DISCRETE,0.146638381,USD
.SPX,2021-09-10,2021-09-10,DISCRETE,0.146650318,USD
.SPX,2021-09-13,2021-09-13,DISCRETE,0.440053974,USD
.SPX,2021-09-14,2021-09-14,DISCRETE,0.14669808,USD
.SPX,2021-09-15,2021-09-15,DISCRETE,0.146710023,USD
.SPX,2021-09-16,2021-09-16,DISCRETE,0.146721966,USD
.SPX,2021-09-17,2021-09-17,DISCRETE,0.146733911,USD
.SPX,2021-09-20,2021-09-20,DISCRETE,0.440304841,USD
.SPX,2021-09-21,2021-09-21,DISCRETE,0.1467817,USD
.SPX,2021-09-22,2021-09-22,DISCRETE,0.14679365,USD
.SPX,2021-09-23,2021-09-23,DISCRETE,0.146805601,USD
.SPX,2021-09-24,2021-09-24,DISCRETE,0.146817552,USD
.SPX,2021-09-27,2021-09-27,DISCRETE,0.440555852,USD
.SPX,2021-09-28,2021-09-28,DISCRETE,0.146865368,USD
.SPX,2021-09-29,2021-09-29,DISCRETE,0.146877325,USD
.SPX,2021-09-30,2021-09-30,DISCRETE,0.146889282,USD
.SPX,2021-10-01,2021-10-01,DISCRETE,0.146901241,USD
.SPX,2021-10-04,2021-10-04,DISCRETE,0.440807004,USD
.SPX,2021-10-05,2021-10-05,DISCRETE,0.146949083,USD
.SPX,2021-10-06,2021-10-06,DISCRETE,0.146961047,USD
.SPX,2021-10-07,2021-10-07,DISCRETE,0.146973011,USD
.SPX,2021-10-08,2021-10-08,DISCRETE,0.146984975,USD
.SPX,2021-10-12,2021-10-12,DISCRETE,0.588122718,USD
.SPX,2021-10-13,2021-10-13,DISCRETE,0.147044814,USD
.SPX,2021-10-14,2021-10-14,DISCRETE,0.147056785,USD
.SPX,2021-10-15,2021-10-15,DISCRETE,0.147068756,USD
.SPX,2021-10-18,2021-10-18,DISCRETE,0.441309722,USD
.SPX,2021-10-19,2021-10-19,DISCRETE,0.147116651,USD
.SPX,2021-10-20,2021-10-20,DISCRETE,0.147128627,USD
.SPX,2021-10-21,2021-10-21,DISCRETE,0.147140604,USD
.SPX,2021-10-22,2021-10-22,DISCRETE,0.147152582,USD
.SPX,2021-10-25,2021-10-25,DISCRETE,0.441561284,USD
.SPX,2021-10-26,2021-10-26,DISCRETE,0.147200502,USD
.SPX,2021-10-27,2021-10-27,DISCRETE,0.147212485,USD
.SPX,2021-10-28,2021-10-28,DISCRETE,0.147224468,USD
.SPX,2021-10-29,2021-10-29,DISCRETE,0.147236452,USD
.SPX,2021-11-01,2021-11-01,DISCRETE,0.441812978,USD
.SPX,2021-11-02,2021-11-02,DISCRETE,0.147284398,USD
.SPX,2021-11-03,2021-11-03,DISCRETE,0.147296386,USD
.SPX,2021-11-04,2021-11-04,DISCRETE,0.147308375,USD
.SPX,2021-11-05,2021-11-05,DISCRETE,0.147320366,USD
.SPX,2021-11-08,2021-11-08,DISCRETE,0.442064801,USD
.SPX,2021-11-09,2021-11-09,DISCRETE,0.147368336,USD
.SPX,2021-11-10,2021-11-10,DISCRETE,0.14738033,USD
.SPX,2021-11-12,2021-11-12,DISCRETE,0.294807241,USD
.SPX,2021-11-15,2021-11-15,DISCRETE,0.442316751,USD
.SPX,2021-11-16,2021-11-16,DISCRETE,0.147452316,USD
.SPX,2021-11-17,2021-11-17,DISCRETE,0.147464317,USD
.SPX,2021-11-18,2021-11-18,DISCRETE,0.147476318,USD
.SPX,2021-11-19,2021-11-19,DISCRETE,0.14748832,USD
.SPX,2021-11-22,2021-11-22,DISCRETE,0.442568826,USD
.SPX,2021-11-23,2021-11-23,DISCRETE,0.147536338,USD
.SPX,2021-11-24,2021-11-24,DISCRETE,0.147548344,USD
.SPX,2021-11-26,2021-11-26,DISCRETE,0.295143335,USD
.SPX,2021-11-29,2021-11-29,DISCRETE,0.442821023,USD
.SPX,2021-11-30,2021-11-30,DISCRETE,0.147620401,USD
.SPX,2021-12-01,2021-12-01,DISCRETE,0.147632413,USD
.SPX,2021-12-02,2021-12-02,DISCRETE,0.147644426,USD
.SPX,2021-12-03,2021-12-03,DISCRETE,0.14765644,USD
.SPX,2021-12-06,2021-12-06,DISCRETE,0.443073341,USD
.SPX,2021-12-07,2021-12-07,DISCRETE,0.147704503,USD
.SPX,2021-12-08,2021-12-08,DISCRETE,0.147716521,USD
.SPX,2021-12-09,2021-12-09,DISCRETE,0.14772854,USD
.SPX,2021-12-10,2021-12-10,DISCRETE,0.147740559,USD
.SPX,2021-12-13,2021-12-13,DISCRETE,0.443325777,USD
.SPX,2021-12-14,2021-12-14,DISCRETE,0.147788645,USD
.SPX,2021-12-15,2021-12-15,DISCRETE,0.147800668,USD
.SPX,2021-12-16,2021-12-16,DISCRETE,0.147812692,USD
.SPX,2021-12-17,2021-12-17,DISCRETE,0.147824717,USD
.SPX,2021-12-20,2021-12-20,DISCRETE,0.443578327,USD
.SPX,2021-12-21,2021-12-21,DISCRETE,0.147872825,USD
.SPX,2021-12-22,2021-12-22,DISCRETE,0.147884854,USD
.SPX,2021-12-23,2021-12-23,DISCRETE,0.147896883,USD
.SPX,2021-12-24,2021-12-24,DISCRETE,0.147908913,USD
.SPX,2021-12-27,2021-12-27,DISCRETE,0.443830991,USD
.SPX,2021-12-28,2021-12-28,DISCRETE,0.147957042,USD
.SPX,2021-12-29,2021-12-29,DISCRETE,0.147969076,USD
.SPX,2021-12-30,2021-12-30,DISCRETE,0.147981111,USD
.SPX,2021-12-31,2021-12-31,DISCRETE,0.147993147,USD
.SPX,2022-01-03,2022-01-03,DISCRETE,0.444083766,USD
.SPX,2022-01-04,2022-01-04,DISCRETE,0.148041297,USD
.SPX,2022-01-05,2022-01-05,DISCRETE,0.148053336,USD
.SPX,2022-01-06,2022-01-06,DISCRETE,0.148065376,USD
.SPX,2022-01-07,2022-01-07,DISCRETE,0.148077417,USD
.SPX,2022-01-10,2022-01-10,DISCRETE,0.444336649,USD
.SPX,2022-01-11,2022-01-11,DISCRETE,0.148125587,USD
.SPX,2022-01-12,2022-01-12,DISCRETE,0.148137631,USD
.SPX,2022-01-13,2022-01-13,DISCRETE,0.148149676,USD
.SPX,2022-01-14,2022-01-14,DISCRETE,0.148161722,USD
.SPX,2022-01-18,2022-01-18,DISCRETE,0.592831746,USD
.SPX,2022-01-19,2022-01-19,DISCRETE,0.148221962,USD
.SPX,2022-01-20,2022-01-20,DISCRETE,0.148234012,USD
.SPX,2022-01-21,2022-01-21,DISCRETE,0.148246063,USD
.SPX,2022-01-24,2022-01-24,DISCRETE,0.444842729,USD
.SPX,2022-01-25,2022-01-25,DISCRETE,0.148294272,USD
.SPX,2022-01-26,2022-01-26,DISCRETE,0.148306326,USD
.SPX,2022-01-27,2022-01-27,DISCRETE,0.148318381,USD
.SPX,2022-01-28,2022-01-28,DISCRETE,0.148330437,USD
.SPX,2022-01-31,2022-01-31,DISCRETE,0.445095923,USD
.SPX,2022-02-01,2022-02-01,DISCRETE,0.148378666,USD
.SPX,2022-02-02,2022-02-02,DISCRETE,0.148390725,USD
.SPX,2022-02-03,2022-02-03,DISCRETE,0.148402784,USD
.SPX,2022-02-04,2022-02-04,DISCRETE,0.148414844,USD
.SPX,2022-02-07,2022-02-07,DISCRETE,0.445349214,USD
.SPX,2022-02-08,2022-02-08,DISCRETE,0.148463092,USD
.SPX,2022-02-09,2022-02-09,DISCRETE,0.148475155,USD
.SPX,2022-02-10,2022-02-10,DISCRETE,0.14848722,USD
.SPX,2022-02-11,2022-02-11,DISCRETE,0.148499284,USD
.SPX,2022-02-14,2022-02-14,DISCRETE,0.445602602,USD
.SPX,2022-02-15,2022-02-15,DISCRETE,0.14854755,USD
.SPX,2022-02-16,2022-02-16,DISCRETE,0.148559618,USD
.SPX,2022-02-17,2022-02-17,DISCRETE,0.148571687,USD
.SPX,2022-02-18,2022-02-18,DISCRETE,0.148583756,USD
.SPX,2022-02-22,2022-02-22,DISCRETE,0.594520526,USD
.SPX,2022-02-23,2022-02-23,DISCRETE,0.148644112,USD
.SPX,2022-02-24,2022-02-24,DISCRETE,0.148656185,USD
.SPX,2022-02-25,2022-02-25,DISCRETE,0.148668258,USD
.SPX,2022-02-28,2022-02-28,DISCRETE,0.446109658,USD
.SPX,2022-03-01,2022-03-01,DISCRETE,0.148716559,USD
.SPX,2022-03-02,2022-03-02,DISCRETE,0.148728636,USD
.SPX,2022-03-03,2022-03-03,DISCRETE,0.148737889,USD
.SPX,2022-03-04,2022-03-04,DISCRETE,0.148749964,USD
.SPX,2022-03-07,2022-03-07,DISCRETE,0.446354822,USD
.SPX,2022-03-08,2022-03-08,DISCRETE,0.14879827,USD
.SPX,2022-03-09,2022-03-09,DISCRETE,0.148810349,USD
.SPX,2022-03-10,2022-03-10,DISCRETE,0.148822429,USD
.SPX,2022-03-11,2022-03-11,DISCRETE,0.148834511,USD
.SPX,2022-03-14,2022-03-14,DISCRETE,0.446608562,USD
.SPX,2022-03-15,2022-03-15,DISCRETE,0.14888285,USD
.SPX,2022-03-16,2022-03-16,DISCRETE,0.148894938,USD
.SPX,2022-03-17,2022-03-17,DISCRETE,0.148907028,USD
